t_ms,qw,qx,qy,qz,ax,ay,az,gx,gy,gz,mx,my,mz
307831,0.741732,-0.060862,-0.124327,0.656256,0.105225,-0.255737,0.968262,-0.001065,0.004261,0.001065,0.000000,0.000000,0.000000
307843,0.741732,-0.060862,-0.124327,0.656256,0.000000,0.000000,0.000000,0.000000,0.000000,0.000000,0.000000,0.000000,0.000000
307853,0.741599,-0.061785,-0.124654,0.656259,0.104492,-0.256470,0.966675,0.000000,0.004261,0.000000,0.000000,0.000000,0.000000
307865,0.741722,-0.061148,-0.123936,0.656315,0.104492,-0.256714,0.968140,0.000000,0.003196,0.000000,0.000000,0.000000,0.000000
307877,0.741611,-0.061721,-0.124696,0.656243,0.104370,-0.255615,0.967529,0.000000,0.004261,0.000000,0.000000,0.000000,0.000000
307889,0.741684,-0.061535,-0.123750,0.656357,0.103638,-0.255615,0.968262,0.000000,0.002131,0.001065,0.000000,0.000000,0.000000
307901,0.741372,-0.061799,-0.123283,0.656772,0.103027,-0.255493,0.966797,-0.002131,0.004261,0.002131,-8.000000,-27.000000,23.000000
307914,0.741392,-0.061302,-0.124109,0.656640,0.105103,-0.255615,0.967529,0.000000,0.003196,0.001065,0.000000,0.000000,0.000000
307926,0.741517,-0.060318,-0.124157,0.656582,0.105469,-0.254272,0.968140,0.000000,0.000000,0.000000,0.000000,0.000000,0.000000
307936,0.741387,-0.061130,-0.124690,0.656552,0.105469,-0.255859,0.968506,-0.001065,0.004261,0.000000,0.000000,0.000000,0.000000
307948,0.741286,-0.062079,-0.124374,0.656637,0.104736,-0.256226,0.967285,-0.001065,0.002131,-0.001065,0.000000,0.000000,0.000000
307960,0.741408,-0.061113,-0.124504,0.656566,0.105225,-0.255981,0.968750,0.000000,0.003196,0.000000,0.000000,0.000000,0.000000
307972,0.741345,-0.061892,-0.123860,0.656685,0.104126,-0.255615,0.966797,-0.002131,0.004261,0.000000,0.000000,0.000000,0.000000
307984,0.741469,-0.060939,-0.124006,0.656608,0.104126,-0.255249,0.968140,-0.002131,0.004261,-0.001065,0.000000,0.000000,0.000000
307996,0.741160,-0.061169,-0.123592,0.657012,0.104492,-0.255249,0.967163,-0.001065,0.004261,-0.001065,-8.000000,-27.000000,20.000000
308009,0.741175,-0.060725,-0.124446,0.656875,0.106323,-0.255371,0.967773,0.000000,0.003196,0.000000,0.000000,0.000000,0.000000
308021,0.741091,-0.061068,-0.125338,0.656769,0.105835,-0.255859,0.965698,-0.002131,0.004261,-0.001065,0.000000,0.000000,0.000000
308033,0.741206,-0.060573,-0.124519,0.656840,0.105957,-0.255737,0.968140,-0.001065,0.004261,-0.001065,0.000000,0.000000,0.000000
308045,0.741102,-0.061537,-0.124247,0.656919,0.104370,-0.255981,0.968140,0.000000,0.003196,-0.001065,0.000000,0.000000,0.000000
308057,0.741241,-0.060681,-0.123809,0.656926,0.104248,-0.255493,0.968384,0.000000,0.005326,0.000000,0.000000,0.000000,0.000000
308069,0.741119,-0.061689,-0.123746,0.656980,0.102905,-0.255371,0.966675,-0.001065,0.006392,0.000000,0.000000,0.000000,0.000000
308081,0.741222,-0.060781,-0.124091,0.656884,0.104248,-0.255371,0.968994,0.000000,0.004261,0.000000,0.000000,0.000000,0.000000
308093,0.740889,-0.061011,-0.123562,0.657338,0.103516,-0.256592,0.968506,-0.001065,0.002131,0.001065,-12.000000,-26.000000,24.000000
308106,0.740910,-0.060513,-0.124390,0.657205,0.104858,-0.255005,0.969360,-0.002131,0.003196,0.001065,0.000000,0.000000,0.000000
308118,0.740858,-0.061238,-0.123682,0.657329,0.104248,-0.254761,0.967529,-0.001065,0.005326,0.000000,0.000000,0.000000,0.000000
308130,0.740936,-0.060450,-0.124255,0.657207,0.105469,-0.254761,0.968872,0.000000,0.003196,-0.001065,0.000000,0.000000,0.000000
308142,0.740810,-0.061440,-0.124314,0.657245,0.104370,-0.255737,0.967773,-0.001065,0.002131,-0.001065,0.000000,0.000000,0.000000
308154,0.740934,-0.060473,-0.124397,0.657180,0.104614,-0.255859,0.968506,-0.001065,0.003196,0.000000,0.000000,0.000000,0.000000
308166,0.740802,-0.061445,-0.124561,0.657207,0.104858,-0.255615,0.967285,0.000000,0.003196,0.000000,0.000000,0.000000,0.000000
308178,0.740920,-0.060483,-0.124743,0.657130,0.105957,-0.255859,0.969360,0.001065,0.003196,0.000000,0.000000,0.000000,0.000000
308190,0.740605,-0.060730,-0.124260,0.657553,0.104858,-0.256958,0.968018,0.000000,0.004261,0.000000,-9.000000,-26.000000,22.000000
308203,0.740478,-0.061561,-0.124765,0.657522,0.104614,-0.256470,0.967651,-0.001065,0.005326,-0.001065,0.000000,0.000000,0.000000
308215,0.740610,-0.060878,-0.124091,0.657566,0.104370,-0.255249,0.967041,0.000000,0.004261,-0.001065,0.000000,0.000000,0.000000
308227,0.740521,-0.061266,-0.124954,0.657467,0.104858,-0.255981,0.968872,0.000000,0.004261,-0.001065,0.000000,0.000000,0.000000
308239,0.740460,-0.062033,-0.124290,0.657588,0.102905,-0.256958,0.967407,0.000000,0.005326,0.000000,0.000000,0.000000,0.000000
308251,0.740580,-0.061434,-0.123541,0.657651,0.103149,-0.256592,0.968750,0.000000,0.003196,0.000000,0.000000,0.000000,0.000000
308263,0.740502,-0.061637,-0.124481,0.657542,0.103760,-0.256348,0.967896,-0.002131,0.001065,0.001065,0.000000,0.000000,0.000000
308274,0.740619,-0.060679,-0.124560,0.657485,0.104736,-0.256470,0.969238,-0.004261,0.002131,0.002131,0.000000,0.000000,0.000000
308286,0.740492,-0.061684,-0.124533,0.657540,0.104370,-0.256470,0.967773,0.000000,0.006392,0.001065,0.000000,0.000000,0.000000
308298,0.740173,-0.061889,-0.124130,0.657956,0.105957,-0.256470,0.968628,0.001065,0.005326,0.001065,-9.000000,-29.000000,20.000000
308311,0.740235,-0.061168,-0.124782,0.657830,0.106201,-0.256104,0.967041,0.000000,0.003196,0.000000,0.000000,0.000000,0.000000
308323,0.740356,-0.060205,-0.124856,0.657769,0.105835,-0.255737,0.968262,-0.002131,0.003196,0.001065,0.000000,0.000000,0.000000
308335,0.740290,-0.060989,-0.124235,0.657888,0.104736,-0.255127,0.967163,-0.001065,0.002131,0.000000,0.000000,0.000000,0.000000
308347,0.740392,-0.060071,-0.124581,0.657793,0.105591,-0.255127,0.968994,0.002131,0.003196,0.000000,0.000000,0.000000,0.000000
308359,0.740269,-0.061065,-0.124535,0.657848,0.104248,-0.256104,0.966797,0.001065,0.004261,0.000000,0.000000,0.000000,0.000000
308371,0.740135,-0.061987,-0.124861,0.657850,0.104126,-0.257324,0.967407,0.000000,0.004261,0.000000,0.000000,0.000000,0.000000
308383,0.740273,-0.061203,-0.124305,0.657874,0.104004,-0.256714,0.967041,0.000000,0.003196,-0.001065,0.000000,0.000000,0.000000
308395,0.739970,-0.061437,-0.123885,0.658273,0.105713,-0.256348,0.968750,0.000000,0.004261,0.000000,-7.000000,-26.000000,20.000000
308408,0.739928,-0.061390,-0.124831,0.658145,0.105591,-0.257446,0.966553,0.001065,0.003196,0.000000,0.000000,0.000000,0.000000
308420,0.739993,-0.060647,-0.125466,0.658020,0.105957,-0.256714,0.967773,0.000000,0.002131,0.000000,0.000000,0.000000,0.000000
308432,0.740007,-0.060940,-0.124535,0.658154,0.103027,-0.255005,0.968384,-0.002131,0.002131,0.000000,0.000000,0.000000,0.000000
308444,0.740063,-0.060875,-0.123578,0.658278,0.103760,-0.255005,0.970215,-0.003196,0.003196,0.002131,0.000000,0.000000,0.000000
308456,0.740011,-0.060945,-0.124514,0.658153,0.104126,-0.255127,0.968262,-0.001065,0.007457,0.000000,0.000000,0.000000,0.000000
308468,0.740143,-0.059982,-0.124484,0.658099,0.106323,-0.254395,0.969116,0.000000,0.006392,0.000000,0.000000,0.000000,0.000000
308480,0.740026,-0.060610,-0.125197,0.658038,0.106079,-0.255249,0.967041,0.001065,0.003196,0.000000,0.000000,0.000000,0.000000
308492,0.739726,-0.060851,-0.124756,0.658436,0.106323,-0.256104,0.968018,0.001065,0.002131,0.001065,-7.000000,-28.000000,23.000000
308505,0.739607,-0.061458,-0.125492,0.658374,0.105225,-0.257080,0.966187,0.000000,0.003196,0.001065,0.000000,0.000000,0.000000
308517,0.739737,-0.060675,-0.124935,0.658406,0.105591,-0.257080,0.968140,0.000000,0.002131,0.001065,0.000000,0.000000,0.000000
308529,0.739609,-0.061672,-0.124960,0.658453,0.104126,-0.257568,0.967163,-0.002131,0.002131,0.000000,0.000000,0.000000,0.000000
308541,0.739747,-0.060769,-0.124635,0.658443,0.105347,-0.255615,0.968872,-0.001065,0.004261,0.000000,0.000000,0.000000,0.000000
308553,0.739831,-0.060560,-0.123685,0.658547,0.104858,-0.255371,0.967407,0.001065,0.004261,-0.001065,0.000000,0.000000,0.000000
308565,0.739768,-0.060744,-0.124611,0.658427,0.105591,-0.256348,0.968140,0.001065,0.003196,-0.002131,0.000000,0.000000,0.000000
308577,0.739633,-0.061671,-0.124946,0.658429,0.104004,-0.257446,0.965942,-0.002131,0.003196,0.000000,0.000000,0.000000,0.000000
308589,0.739321,-0.061889,-0.124554,0.658832,0.104858,-0.255981,0.967285,-0.002131,0.003196,0.000000,-9.000000,-31.000000,22.000000
308602,0.739449,-0.060921,-0.124496,0.658790,0.105347,-0.255005,0.968506,-0.001065,0.002131,0.001065,0.000000,0.000000,0.000000
308614,0.739578,-0.060007,-0.124229,0.658780,0.105713,-0.254150,0.969727,-0.003196,0.003196,0.002131,0.000000,0.000000,0.000000
308626,0.739478,-0.060942,-0.123849,0.658878,0.104492,-0.254395,0.967773,0.000000,0.004261,0.001065,0.000000,0.000000,0.000000
308638,0.739569,-0.060061,-0.124264,0.658778,0.105591,-0.254517,0.969360,0.002131,0.004261,0.001065,0.000000,0.000000,0.000000
308649,0.739495,-0.060272,-0.125178,0.658669,0.106079,-0.255249,0.968262,0.002131,0.003196,0.000000,0.000000,0.000000,0.000000
308661,0.739367,-0.061263,-0.125135,0.658729,0.106201,-0.256226,0.968384,0.001065,0.003196,0.001065,0.000000,0.000000,0.000000
308673,0.739292,-0.062081,-0.124562,0.658845,0.104736,-0.256958,0.966675,0.001065,0.002131,0.000000,0.000000,0.000000,0.000000
308685,0.739393,-0.061177,-0.124935,0.658747,0.105469,-0.256836,0.968872,-0.001065,0.002131,0.000000,0.000000,0.000000,0.000000
308697,0.739079,-0.061423,-0.124447,0.659168,0.105103,-0.257690,0.967651,-0.001065,0.002131,0.000000,-9.000000,-26.000000,23.000000
308710,0.739189,-0.060482,-0.124681,0.659088,0.106201,-0.255127,0.968872,-0.002131,0.003196,0.001065,0.000000,0.000000,0.000000
308722,0.739321,-0.059704,-0.124116,0.659117,0.105225,-0.254517,0.966797,0.000000,0.002131,0.000000,0.000000,0.000000,0.000000
308734,0.739189,-0.060536,-0.124608,0.659096,0.105347,-0.254517,0.968384,0.000000,0.002131,0.000000,0.000000,0.000000,0.000000
308746,0.739112,-0.061365,-0.124036,0.659214,0.103394,-0.255493,0.966797,-0.001065,0.003196,0.001065,0.000000,0.000000,0.000000
308758,0.739202,-0.060493,-0.124462,0.659113,0.104614,-0.254883,0.966675,-0.002131,0.003196,0.001065,0.000000,0.000000,0.000000
308770,0.739067,-0.061435,-0.124741,0.659124,0.104614,-0.255615,0.967407,-0.001065,0.002131,0.000000,0.000000,0.000000,0.000000
308782,0.739203,-0.060491,-0.124578,0.659090,0.105347,-0.255615,0.969360,-0.002131,0.004261,0.000000,0.000000,0.000000,0.000000
308794,0.738907,-0.060716,-0.124189,0.659475,0.104370,-0.256958,0.967651,0.001065,0.004261,-0.001065,-7.000000,-28.000000,20.000000
308807,0.738861,-0.060682,-0.125131,0.659352,0.105469,-0.256348,0.968262,0.001065,0.004261,0.001065,0.000000,0.000000,0.000000
308819,0.738979,-0.060077,-0.124372,0.659418,0.105347,-0.255371,0.966553,0.002131,0.004261,0.001065,0.000000,0.000000,0.000000
308831,0.738864,-0.060664,-0.125120,0.659351,0.105469,-0.255371,0.968262,0.000000,0.005326,0.001065,0.000000,0.000000,0.000000
308843,0.738848,-0.061161,-0.124239,0.659490,0.103882,-0.255615,0.966431,0.001065,0.006392,0.001065,0.000000,0.000000,0.000000
308855,0.738936,-0.060315,-0.124719,0.659380,0.105225,-0.255371,0.967896,0.001065,0.004261,0.000000,0.000000,0.000000,0.000000
308867,0.738800,-0.061197,-0.125135,0.659371,0.105103,-0.256592,0.967896,-0.001065,0.001065,0.000000,0.000000,0.000000,0.000000
308879,0.738926,-0.060470,-0.124532,0.659411,0.105347,-0.254761,0.970825,-0.003196,0.002131,0.001065,0.000000,0.000000,0.000000
308891,0.738602,-0.060690,-0.124096,0.659837,0.104004,-0.254761,0.968140,-0.001065,0.002131,0.001065,-9.000000,-26.000000,20.000000
308904,0.738713,-0.059741,-0.124340,0.659753,0.105347,-0.254517,0.969360,0.000000,0.002131,0.000000,0.000000,0.000000,0.000000
308916,0.738576,-0.060649,-0.124697,0.659756,0.104736,-0.256348,0.968018,0.000000,0.003196,0.001065,0.000000,0.000000,0.000000
308928,0.738584,-0.060219,-0.125545,0.659626,0.106323,-0.256470,0.968994,0.000000,0.005326,0.002131,0.000000,0.000000,0.000000
308940,0.738649,-0.060114,-0.124570,0.659747,0.105957,-0.255371,0.967407,0.002131,0.004261,0.001065,0.000000,0.000000,0.000000
308952,0.738717,-0.059330,-0.125154,0.659631,0.106812,-0.254761,0.968750,0.000000,0.002131,0.001065,0.000000,0.000000,0.000000
308964,0.738604,-0.060308,-0.124947,0.659708,0.105225,-0.255615,0.966797,-0.001065,0.002131,0.000000,0.000000,0.000000,0.000000
308975,0.738723,-0.059721,-0.124195,0.659771,0.105591,-0.255005,0.967896,-0.001065,0.003196,0.000000,0.000000,0.000000,0.000000
308987,0.738412,-0.059903,-0.123875,0.660162,0.104736,-0.255615,0.967163,0.000000,0.003196,-0.001065,-8.000000,-28.000000,16.000000
309001,0.738371,-0.059836,-0.124823,0.660036,0.106445,-0.255249,0.968994,-0.001065,0.004261,0.001065,0.000000,0.000000,0.000000
309013,0.738242,-0.060550,-0.125470,0.659992,0.106079,-0.256104,0.968018,-0.001065,0.002131,0.001065,0.000000,0.000000,0.000000
309024,0.738373,-0.059740,-0.124961,0.660016,0.106445,-0.255493,0.968994,-0.001065,0.002131,0.001065,0.000000,0.000000,0.000000
309036,0.738292,-0.060596,-0.124444,0.660126,0.104858,-0.255249,0.967773,0.000000,0.002131,0.000000,0.000000,0.000000,0.000000
309048,0.738310,-0.060110,-0.125278,0.659992,0.105713,-0.255859,0.968628,-0.002131,0.003196,0.001065,0.000000,0.000000,0.000000
309060,0.738189,-0.061099,-0.125184,0.660055,0.104736,-0.256958,0.966675,0.000000,0.002131,0.000000,0.000000,0.000000,0.000000
309072,0.738303,-0.060131,-0.125318,0.659991,0.105713,-0.256592,0.968018,0.001065,0.003196,0.002131,0.000000,0.000000,0.000000
309084,0.738176,-0.061120,-0.125196,0.660065,0.104614,-0.257446,0.967529,0.001065,0.003196,0.002131,0.000000,0.000000,0.000000
309096,0.737863,-0.061344,-0.124782,0.660473,0.105835,-0.256714,0.968994,-0.001065,0.004261,0.001065,-8.000000,-27.000000,20.000000
309109,0.737940,-0.060549,-0.125357,0.660351,0.104858,-0.256714,0.967285,0.001065,0.002131,-0.001065,0.000000,0.000000,0.000000
309121,0.738058,-0.060009,-0.124571,0.660417,0.105591,-0.255737,0.968872,-0.001065,0.002131,-0.001065,0.000000,0.000000,0.000000
309133,0.737924,-0.060940,-0.124885,0.660423,0.104614,-0.255859,0.966797,-0.001065,0.003196,0.000000,0.000000,0.000000,0.000000
309145,0.738055,-0.059976,-0.124856,0.660371,0.105713,-0.255005,0.967407,-0.001065,0.004261,0.000000,0.000000,0.000000,0.000000
309157,0.737932,-0.060962,-0.124787,0.660430,0.104614,-0.256104,0.967407,0.002131,0.003196,0.000000,0.000000,0.000000,0.000000
309169,0.738047,-0.060013,-0.124970,0.660354,0.105347,-0.256226,0.969238,0.000000,0.005326,0.001065,0.000000,0.000000,0.000000
309181,0.737925,-0.061010,-0.124956,0.660401,0.104370,-0.256836,0.967285,0.000000,0.004261,-0.001065,0.000000,0.000000,0.000000
309193,0.737634,-0.061221,-0.124583,0.660778,0.105225,-0.255859,0.967896,0.001065,0.003196,0.000000,-6.000000,-27.000000,19.000000
309206,0.737672,-0.060621,-0.125348,0.660646,0.104858,-0.256348,0.966187,0.002131,0.002131,0.000000,0.000000,0.000000,0.000000
309218,0.737759,-0.059775,-0.125807,0.660539,0.106201,-0.256714,0.968262,-0.001065,0.005326,0.001065,0.000000,0.000000,0.000000
309230,0.737660,-0.060717,-0.125445,0.660632,0.105103,-0.256958,0.966553,0.000000,0.004261,0.000000,0.000000,0.000000,0.000000
309242,0.737798,-0.059839,-0.125045,0.660634,0.105957,-0.255981,0.968018,0.000000,0.003196,0.000000,0.000000,0.000000,0.000000
309254,0.737663,-0.060753,-0.125384,0.660637,0.105347,-0.257202,0.967529,0.000000,0.002131,0.000000,0.000000,0.000000,0.000000
309266,0.737801,-0.059833,-0.125108,0.660619,0.105957,-0.255981,0.967896,-0.001065,0.004261,0.000000,0.000000,0.000000,0.000000
309277,0.737698,-0.060784,-0.124818,0.660702,0.103882,-0.256226,0.966309,0.001065,0.002131,-0.001065,0.000000,0.000000,0.000000
309289,0.737418,-0.061059,-0.124350,0.661078,0.104614,-0.255615,0.967651,-0.001065,0.002131,0.000000,-6.000000,-28.000000,26.000000
309303,0.737387,-0.060925,-0.125298,0.660945,0.104248,-0.256470,0.966431,0.000000,0.002131,0.000000,0.000000,0.000000,0.000000
309314,0.737519,-0.060044,-0.124910,0.660952,0.105225,-0.256592,0.968018,0.000000,0.004261,0.002131,0.000000,0.000000,0.000000
309326,0.737407,-0.060990,-0.124604,0.661049,0.104004,-0.255859,0.966553,0.002131,0.002131,0.002131,0.000000,0.000000,0.000000
309338,0.737515,-0.060063,-0.124863,0.660964,0.105347,-0.255615,0.968506,-0.001065,0.005326,0.001065,0.000000,0.000000,0.000000
309350,0.737381,-0.060985,-0.125217,0.660963,0.104858,-0.256592,0.967041,-0.002131,0.004261,0.000000,0.000000,0.000000,0.000000
309362,0.737512,-0.060018,-0.125171,0.660913,0.106079,-0.255371,0.967285,-0.001065,0.003196,0.000000,0.000000,0.000000,0.000000
309374,0.737467,-0.060674,-0.124430,0.661044,0.104004,-0.255493,0.967285,0.001065,0.001065,0.000000,0.000000,0.000000,0.000000
309386,0.737182,-0.060918,-0.124033,0.661413,0.105469,-0.255737,0.968750,-0.001065,0.003196,0.000000,-6.000000,-29.000000,23.000000
309399,0.737157,-0.060796,-0.124962,0.661277,0.105347,-0.256958,0.966797,0.001065,0.006392,-0.001065,0.000000,0.000000,0.000000
309411,0.737215,-0.060133,-0.125656,0.661142,0.106812,-0.256592,0.967896,0.000000,0.005326,-0.001065,0.000000,0.000000,0.000000
309423,0.737083,-0.061059,-0.125984,0.661142,0.106079,-0.257568,0.967651,-0.001065,0.003196,-0.001065,0.000000,0.000000,0.000000
309435,0.737219,-0.060243,-0.125493,0.661158,0.106201,-0.256958,0.968872,-0.002131,0.003196,0.000000,0.000000,0.000000,0.000000
309447,0.737089,-0.061224,-0.125581,0.661197,0.105225,-0.257324,0.966797,0.001065,0.003196,0.000000,0.000000,0.000000,0.000000
309459,0.737229,-0.060276,-0.125416,0.661159,0.106201,-0.256104,0.967896,-0.001065,0.004261,-0.001065,0.000000,0.000000,0.000000
309471,0.737107,-0.061276,-0.125329,0.661220,0.105469,-0.256836,0.967651,-0.002131,0.003196,0.000000,0.000000,0.000000,0.000000
309483,0.736796,-0.061490,-0.124950,0.661618,0.105835,-0.255981,0.968262,-0.002131,0.004261,0.001065,-8.000000,-29.000000,20.000000
309496,0.736934,-0.060574,-0.124621,0.661611,0.103882,-0.256836,0.968140,0.001065,0.002131,0.000000,0.000000,0.000000,0.000000
309508,0.736965,-0.060052,-0.125434,0.661470,0.104492,-0.256104,0.968750,-0.001065,0.003196,-0.001065,0.000000,0.000000,0.000000
309520,0.736854,-0.061039,-0.125239,0.661541,0.104248,-0.257446,0.967285,-0.002131,0.003196,-0.001065,0.000000,0.000000,0.000000
309532,0.736977,-0.060082,-0.125355,0.661469,0.105591,-0.256592,0.968140,-0.002131,0.004261,0.000000,0.000000,0.000000,0.000000
309544,0.736994,-0.060383,-0.124417,0.661600,0.104492,-0.255249,0.967163,0.000000,0.003196,-0.001065,0.000000,0.000000,0.000000
309556,0.737053,-0.059712,-0.125105,0.661466,0.106201,-0.255371,0.968628,-0.002131,0.005326,-0.001065,0.000000,0.000000,0.000000
309568,0.736919,-0.060554,-0.125588,0.661447,0.105713,-0.256836,0.967041,0.000000,0.005326,0.001065,0.000000,0.000000,0.000000
309580,0.737053,-0.059617,-0.125365,0.661424,0.106201,-0.256104,0.967407,0.000000,0.005326,0.001065,0.000000,0.000000,0.000000
309592,0.736743,-0.059833,-0.124988,0.661822,0.105591,-0.257813,0.966797,0.000000,0.004261,0.000000,-8.000000,-28.000000,19.000000
309605,0.736656,-0.060140,-0.125889,0.661720,0.106934,-0.257446,0.968262,-0.002131,0.005326,0.001065,0.000000,0.000000,0.000000
309617,0.736603,-0.060853,-0.125169,0.661850,0.105469,-0.256836,0.967041,0.000000,0.005326,0.001065,0.000000,0.000000,0.000000
309629,0.736733,-0.059890,-0.125101,0.661806,0.106079,-0.255615,0.968994,0.000000,0.005326,0.001065,0.000000,0.000000,0.000000
309641,0.736603,-0.060878,-0.125175,0.661846,0.105225,-0.256348,0.968140,0.000000,0.003196,0.000000,0.000000,0.000000,0.000000
309653,0.736739,-0.060079,-0.124658,0.661866,0.104614,-0.256470,0.967651,-0.002131,0.004261,0.000000,0.000000,0.000000,0.000000
309665,0.736603,-0.061001,-0.124973,0.661873,0.103638,-0.256714,0.965210,0.000000,0.001065,0.000000,0.000000,0.000000,0.000000
309676,0.736733,-0.060044,-0.124879,0.661834,0.104980,-0.255371,0.966919,-0.002131,0.003196,0.001065,0.000000,0.000000,0.000000
309688,0.736426,-0.060291,-0.124436,0.662237,0.104004,-0.256470,0.966675,-0.001065,0.003196,0.000000,-8.000000,-27.000000,22.000000
309702,0.736301,-0.060987,-0.125109,0.662185,0.104370,-0.257446,0.969360,-0.002131,0.004261,0.001065,0.000000,0.000000,0.000000
309713,0.736373,-0.060793,-0.124178,0.662298,0.102661,-0.255127,0.968140,-0.002131,0.001065,0.001065,0.000000,0.000000,0.000000
309725,0.736501,-0.059869,-0.123960,0.662281,0.105103,-0.252930,0.970581,-0.004261,0.003196,0.002131,0.000000,0.000000,0.000000
309737,0.736475,-0.059764,-0.124860,0.662150,0.107056,-0.256348,0.968384,0.008522,0.008522,-0.001065,0.000000,0.000000,0.000000
309749,0.736415,-0.059908,-0.125775,0.662031,0.109009,-0.259155,0.966187,0.003196,0.006392,-0.001065,0.000000,0.000000,0.000000
309761,0.736326,-0.060778,-0.125314,0.662138,0.104004,-0.257202,0.967163,-0.005326,-0.003196,0.000000,0.000000,0.000000,0.000000
309773,0.736426,-0.060303,-0.124542,0.662216,0.104248,-0.255127,0.970825,-0.009587,-0.002131,0.001065,0.000000,0.000000,0.000000
309785,0.736118,-0.060532,-0.124140,0.662613,0.104980,-0.256958,0.968140,-0.001065,0.003196,0.000000,-8.000000,-28.000000,21.000000
309798,0.736112,-0.060257,-0.125041,0.662475,0.107178,-0.256958,0.967163,0.000000,0.006392,0.000000,0.000000,0.000000,0.000000
309810,0.736085,-0.060057,-0.126006,0.662340,0.105713,-0.256470,0.967529,-0.003196,-0.002131,0.000000,0.000000,0.000000,0.000000
309822,0.736174,-0.059719,-0.125122,0.662440,0.105103,-0.254028,0.969360,-0.002131,0.000000,0.001065,0.000000,0.000000,0.000000
309834,0.736089,-0.060022,-0.125993,0.662341,0.106689,-0.256836,0.965576,0.005326,0.004261,0.000000,0.000000,0.000000,0.000000
309846,0.736072,-0.059816,-0.126925,0.662201,0.109375,-0.258301,0.966309,0.000000,0.003196,-0.001065,0.000000,0.000000,0.000000
309858,0.735935,-0.060757,-0.127237,0.662208,0.107300,-0.260132,0.966797,-0.005326,-0.002131,-0.001065,0.000000,0.000000,0.000000
309870,0.735969,-0.060911,-0.126298,0.662336,0.104736,-0.257935,0.968018,-0.006392,0.001065,0.000000,0.000000,0.000000,0.000000
309882,0.735653,-0.061133,-0.125819,0.662758,0.104248,-0.255005,0.967285,-0.001065,0.004261,-0.001065,-10.000000,-27.000000,22.000000
309895,0.735787,-0.060212,-0.125566,0.662740,0.106812,-0.254761,0.968140,-0.002131,0.004261,0.001065,0.000000,0.000000,0.000000
309907,0.735917,-0.059418,-0.125042,0.662767,0.105835,-0.255493,0.967529,-0.002131,0.002131,0.001065,0.000000,0.000000,0.000000
309919,0.735850,-0.060215,-0.124429,0.662885,0.105103,-0.255127,0.968384,-0.001065,0.003196,0.000000,0.000000,0.000000,0.000000
309931,0.735766,-0.060550,-0.125306,0.662783,0.105225,-0.257568,0.966309,0.002131,0.003196,-0.001065,0.000000,0.000000,0.000000
309943,0.735840,-0.059775,-0.125880,0.662662,0.106201,-0.256958,0.968750,0.001065,0.005326,0.000000,0.000000,0.000000,0.000000
309955,0.735779,-0.060521,-0.125207,0.662790,0.104858,-0.256958,0.968628,-0.001065,0.003196,0.001065,0.000000,0.000000,0.000000
309967,0.735915,-0.059588,-0.124984,0.662765,0.105713,-0.255737,0.969604,-0.002131,0.003196,0.000000,0.000000,0.000000,0.000000
309979,0.735800,-0.060217,-0.125709,0.662698,0.106079,-0.257202,0.969482,-0.001065,0.002131,-0.001065,0.000000,0.000000,0.000000
309990,0.735502,-0.060480,-0.125229,0.663097,0.106812,-0.256348,0.968994,-0.002131,0.004261,0.000000,-8.000000,-28.000000,25.000000
310004,0.735465,-0.060414,-0.126185,0.662962,0.104858,-0.256836,0.967529,-0.001065,0.002131,-0.001065,0.000000,0.000000,0.000000
310016,0.735582,-0.059909,-0.125380,0.663031,0.105835,-0.256104,0.969727,-0.002131,0.004261,-0.001065,0.000000,0.000000,0.000000
310028,0.735582,-0.059909,-0.125380,0.663031,0.000000,0.000000,0.000000,0.000000,0.000000,0.000000,0.000000,0.000000,0.000000
310038,0.735479,-0.060369,-0.126212,0.662946,0.105957,-0.256714,0.968872,-0.001065,0.005326,0.001065,0.000000,0.000000,0.000000
310050,0.735553,-0.060221,-0.125253,0.663059,0.105835,-0.257324,0.968018,0.000000,0.004261,0.000000,0.000000,0.000000,0.000000
310061,0.735621,-0.059480,-0.125865,0.662934,0.106812,-0.256592,0.969360,-0.001065,0.005326,0.000000,0.000000,0.000000,0.000000
310073,0.735515,-0.060441,-0.125573,0.663020,0.105713,-0.256958,0.967773,0.001065,0.004261,0.000000,0.000000,0.000000,0.000000
310085,0.735219,-0.060710,-0.125087,0.663416,0.105591,-0.255859,0.966919,-0.002131,0.003196,0.001065,-7.000000,-26.000000,24.000000
310099,0.735342,-0.059739,-0.125119,0.663362,0.104858,-0.256104,0.967773,-0.002131,0.001065,0.001065,0.000000,0.000000,0.000000
310110,0.735474,-0.058886,-0.124702,0.663370,0.105957,-0.255127,0.970093,-0.003196,0.003196,0.001065,0.000000,0.000000,0.000000
310122,0.735350,-0.059606,-0.125337,0.663324,0.106079,-0.256226,0.968628,0.000000,0.003196,0.000000,0.000000,0.000000,0.000000
310134,0.735387,-0.059027,-0.126105,0.663188,0.107300,-0.255859,0.968262,-0.001065,0.004261,0.000000,0.000000,0.000000,0.000000
310146,0.735277,-0.060003,-0.125909,0.663261,0.106689,-0.256958,0.968384,0.000000,0.002131,-0.001065,0.000000,0.000000,0.000000
310158,0.735360,-0.059752,-0.124979,0.663367,0.105835,-0.256348,0.968628,-0.001065,0.004261,0.001065,0.000000,0.000000,0.000000
310170,0.735229,-0.060508,-0.125567,0.663333,0.104980,-0.257202,0.966553,0.001065,0.003196,0.001065,0.000000,0.000000,0.000000
310182,0.734932,-0.060766,-0.125066,0.663733,0.106079,-0.255371,0.967651,0.000000,0.004261,0.001065,-7.000000,-25.000000,23.000000
310195,0.735045,-0.059805,-0.125249,0.663660,0.105591,-0.255981,0.968506,0.000000,0.002131,0.001065,0.000000,0.000000,0.000000
310207,0.734937,-0.060772,-0.124948,0.663749,0.104858,-0.256348,0.968262,0.000000,0.005326,0.001065,0.000000,0.000000,0.000000
310219,0.734938,-0.060417,-0.125834,0.663613,0.105103,-0.257324,0.967163,0.002131,0.003196,0.000000,0.000000,0.000000,0.000000
310231,0.735065,-0.059441,-0.125869,0.663553,0.106323,-0.256958,0.968262,0.001065,0.003196,0.000000,0.000000,0.000000,0.000000
310243,0.734932,-0.060402,-0.126047,0.663580,0.105835,-0.257813,0.967407,0.001065,0.002131,0.000000,0.000000,0.000000,0.000000
310255,0.735069,-0.059598,-0.125531,0.663598,0.105957,-0.256226,0.966553,-0.001065,0.005326,0.000000,0.000000,0.000000,0.000000
310267,0.735059,-0.059351,-0.126450,0.663458,0.106934,-0.256348,0.967896,0.000000,0.004261,-0.001065,0.000000,0.000000,0.000000
310279,0.735182,-0.058757,-0.125701,0.663517,0.107788,-0.255615,0.968750,-0.001065,0.005326,0.000000,0.000000,0.000000,0.000000
310291,0.734893,-0.058991,-0.125321,0.663888,0.105957,-0.256226,0.967163,0.000000,0.002131,0.000000,-6.000000,-28.000000,21.000000
310304,0.734760,-0.059986,-0.125427,0.663926,0.105591,-0.255493,0.966309,-0.002131,0.004261,0.001065,0.000000,0.000000,0.000000
310316,0.734866,-0.059058,-0.125734,0.663834,0.105957,-0.256104,0.967896,-0.001065,0.002131,0.000000,0.000000,0.000000,0.000000
310328,0.734807,-0.059793,-0.125050,0.663962,0.106323,-0.255859,0.969238,-0.002131,0.003196,0.001065,0.000000,0.000000,0.000000
310340,0.734710,-0.060185,-0.125913,0.663872,0.105957,-0.257568,0.967285,0.000000,0.003196,0.001065,0.000000,0.000000,0.000000
310352,0.734776,-0.059443,-0.126514,0.663750,0.107056,-0.257324,0.968140,-0.002131,0.006392,0.001065,0.000000,0.000000,0.000000
310364,0.734695,-0.060310,-0.125995,0.663861,0.106445,-0.257935,0.969116,0.000000,0.004261,0.000000,0.000000,0.000000,0.000000
310376,0.734746,-0.060333,-0.125018,0.663987,0.104858,-0.256836,0.967773,-0.001065,0.005326,0.001065,0.000000,0.000000,0.000000
310388,0.734434,-0.060553,-0.124584,0.664393,0.105591,-0.256958,0.967163,0.001065,0.002131,0.000000,-9.000000,-29.000000,23.000000
310401,0.734525,-0.059706,-0.125066,0.664279,0.106445,-0.255127,0.968018,-0.001065,0.003196,-0.001065,0.000000,0.000000,0.000000
310413,0.734493,-0.059578,-0.126013,0.664147,0.105835,-0.256104,0.968140,0.000000,0.002131,0.000000,0.000000,0.000000,0.000000
310425,0.734501,-0.059909,-0.125081,0.664285,0.105103,-0.255981,0.968018,-0.001065,0.004261,0.001065,0.000000,0.000000,0.000000
310437,0.734391,-0.060478,-0.125839,0.664211,0.104980,-0.256714,0.967163,0.001065,0.002131,-0.001065,0.000000,0.000000,0.000000
310449,0.734520,-0.059508,-0.125859,0.664153,0.106567,-0.256470,0.968018,0.000000,0.004261,0.000000,0.000000,0.000000,0.000000
310461,0.734383,-0.060355,-0.126341,0.664136,0.106323,-0.257324,0.967407,-0.001065,0.003196,0.001065,0.000000,0.000000,0.000000
310473,0.734506,-0.059659,-0.125705,0.664184,0.106079,-0.255859,0.966919,-0.003196,0.004261,0.002131,0.000000,0.000000,0.000000
310485,0.734198,-0.059908,-0.125227,0.664592,0.105957,-0.256104,0.968018,-0.001065,0.002131,0.001065,-8.000000,-26.000000,23.000000
310498,0.734278,-0.059069,-0.125712,0.664487,0.106934,-0.255615,0.968384,-0.003196,0.003196,0.002131,0.000000,0.000000,0.000000
310510,0.734139,-0.059954,-0.126126,0.664483,0.106567,-0.256714,0.968262,-0.001065,0.002131,0.001065,0.000000,0.000000,0.000000
310522,0.734273,-0.059109,-0.125676,0.664496,0.106812,-0.255981,0.968872,-0.001065,0.003196,0.001065,0.000000,0.000000,0.000000
310534,0.734143,-0.060089,-0.125745,0.664538,0.106445,-0.256714,0.969849,0.001065,0.002131,0.000000,0.000000,0.000000,0.000000
310546,0.734271,-0.059408,-0.125077,0.664585,0.105591,-0.256592,0.968994,-0.001065,0.003196,0.000000,0.000000,0.000000,0.000000
310558,0.734135,-0.060317,-0.125437,0.664585,0.104614,-0.256958,0.967163,-0.001065,0.001065,0.000000,0.000000,0.000000,0.000000
310570,0.734267,-0.059372,-0.125281,0.664554,0.105225,-0.256104,0.967529,-0.002131,0.004261,0.001065,0.000000,0.000000,0.000000
310582,0.733978,-0.059612,-0.124884,0.664926,0.105225,-0.256470,0.968018,0.000000,0.003196,0.000000,-6.000000,-27.000000,21.000000
310595,0.734030,-0.058927,-0.125570,0.664801,0.107422,-0.255371,0.968872,-0.001065,0.003196,0.001065,0.000000,0.000000,0.000000
310607,0.733893,-0.059782,-0.126018,0.664791,0.106323,-0.256348,0.967285,0.001065,0.002131,0.001065,0.000000,0.000000,0.000000
310619,0.734027,-0.058935,-0.125572,0.664803,0.106567,-0.255371,0.967285,-0.001065,0.004261,0.001065,0.000000,0.000000,0.000000
310631,0.733896,-0.059828,-0.125947,0.664797,0.105835,-0.256958,0.966431,0.001065,0.002131,-0.001065,0.000000,0.000000,0.000000
310643,0.733988,-0.058947,-0.126361,0.664696,0.106323,-0.256470,0.966309,-0.001065,0.003196,0.001065,0.000000,0.000000,0.000000
310655,0.733879,-0.059897,-0.126060,0.664788,0.106079,-0.257080,0.966919,0.001065,0.002131,0.001065,0.000000,0.000000,0.000000
310667,0.734007,-0.058930,-0.126011,0.664742,0.106934,-0.256470,0.968140,0.000000,0.004261,0.001065,0.000000,0.000000,0.000000
310679,0.733710,-0.059176,-0.125599,0.665127,0.106689,-0.257813,0.967529,0.000000,0.003196,0.001065,-7.000000,-29.000000,23.000000
310692,0.733613,-0.059571,-0.126467,0.665033,0.106934,-0.256958,0.966919,-0.002131,0.005326,0.001065,0.000000,0.000000,0.000000
310704,0.733599,-0.060045,-0.125588,0.665173,0.105591,-0.256714,0.966431,0.000000,0.004261,0.001065,0.000000,0.000000,0.000000
310716,0.733711,-0.059115,-0.125812,0.665091,0.106934,-0.255737,0.968018,-0.002131,0.006392,0.001065,0.000000,0.000000,0.000000
310728,0.733581,-0.060117,-0.125818,0.665143,0.105835,-0.256714,0.967529,-0.001065,0.004261,0.001065,0.000000,0.000000,0.000000
310740,0.733706,-0.059412,-0.125174,0.665189,0.105347,-0.255737,0.967773,-0.001065,0.003196,0.001065,0.000000,0.000000,0.000000
310752,0.733573,-0.060281,-0.125587,0.665180,0.104858,-0.257080,0.967773,0.002131,0.003196,0.000000,0.000000,0.000000,0.000000
310764,0.733614,-0.059690,-0.126345,0.665045,0.106812,-0.257324,0.967285,0.000000,0.004261,0.000000,0.000000,0.000000,0.000000
310776,0.733484,-0.060515,-0.126847,0.665018,0.106445,-0.258423,0.966919,0.000000,0.002131,-0.001065,0.000000,0.000000,0.000000
310788,0.733181,-0.060709,-0.126494,0.665402,0.106812,-0.257446,0.968018,-0.002131,0.003196,-0.002131,-8.000000,-28.000000,18.000000
310801,0.733325,-0.059775,-0.126245,0.665374,0.106323,-0.257690,0.968018,-0.001065,0.002131,-0.002131,0.000000,0.000000,0.000000
310813,0.733399,-0.059664,-0.125289,0.665484,0.105469,-0.256226,0.966553,-0.002131,0.004261,-0.001065,0.000000,0.000000,0.000000
310825,0.733337,-0.060414,-0.124638,0.665607,0.104370,-0.255737,0.966797,0.000000,0.001065,0.000000,0.000000,0.000000,0.000000
310837,0.733447,-0.059464,-0.124865,0.665529,0.105225,-0.254761,0.968140,-0.001065,0.002131,0.001065,0.000000,0.000000,0.000000
310849,0.733340,-0.060016,-0.125641,0.665451,0.104980,-0.256348,0.967651,0.000000,0.003196,-0.001065,0.000000,0.000000,0.000000
310861,0.733425,-0.059803,-0.124701,0.665553,0.104614,-0.256104,0.966553,-0.001065,0.004261,-0.001065,0.000000,0.000000,0.000000
310873,0.733315,-0.060427,-0.125418,0.665484,0.104126,-0.257080,0.966675,0.001065,0.002131,-0.002131,0.000000,0.000000,0.000000
310885,0.733015,-0.060686,-0.124892,0.665889,0.105347,-0.256348,0.968384,0.000000,0.004261,0.000000,-8.000000,-25.000000,24.000000
310898,0.733025,-0.060296,-0.125758,0.665750,0.104980,-0.257690,0.967896,0.000000,0.005326,0.000000,0.000000,0.000000,0.000000
310910,0.733125,-0.059406,-0.126109,0.665654,0.105591,-0.257080,0.967285,-0.002131,0.006392,0.001065,0.000000,0.000000,0.000000
310922,0.732991,-0.060269,-0.126553,0.665639,0.106201,-0.258179,0.967651,0.000000,0.003196,0.000000,0.000000,0.000000,0.000000
310934,0.733121,-0.059579,-0.125894,0.665684,0.106079,-0.256592,0.968262,-0.001065,0.004261,0.000000,0.000000,0.000000,0.000000
310946,0.732990,-0.060471,-0.126261,0.665677,0.105591,-0.257813,0.967529,0.002131,0.003196,-0.001065,0.000000,0.000000,0.000000
310958,0.733130,-0.059552,-0.125968,0.665662,0.106323,-0.256470,0.967773,0.000000,0.004261,0.000000,0.000000,0.000000,0.000000
310970,0.733264,-0.058754,-0.125429,0.665687,0.106201,-0.256348,0.967773,0.000000,0.002131,0.000000,0.000000,0.000000,0.000000
310982,0.732961,-0.058962,-0.125089,0.666067,0.105957,-0.255859,0.965820,-0.001065,0.004261,0.001065,-7.000000,-28.000000,18.000000
310995,0.732842,-0.059609,-0.125786,0.666008,0.105835,-0.258423,0.966919,0.001065,0.003196,0.000000,0.000000,0.000000,0.000000
311007,0.732803,-0.059549,-0.126730,0.665878,0.105713,-0.256592,0.967285,0.000000,0.004261,0.000000,0.000000,0.000000,0.000000
311019,0.732808,-0.059904,-0.125814,0.666015,0.105225,-0.256958,0.967163,0.000000,0.002131,0.000000,0.000000,0.000000,0.000000
311031,0.732927,-0.059286,-0.125093,0.666074,0.105103,-0.256226,0.966309,-0.002131,0.004261,0.001065,0.000000,0.000000,0.000000
311043,0.732799,-0.060044,-0.125694,0.666034,0.104736,-0.258179,0.966187,-0.001065,0.002131,0.000000,0.000000,0.000000,0.000000
311055,0.732907,-0.059124,-0.125987,0.665942,0.105957,-0.256714,0.968140,-0.002131,0.004261,0.000000,0.000000,0.000000,0.000000
311067,0.732856,-0.059821,-0.125283,0.666069,0.105469,-0.256348,0.968262,-0.001065,0.001065,0.000000,0.000000,0.000000,0.000000
311079,0.732560,-0.060057,-0.124877,0.666450,0.105957,-0.254883,0.968018,-0.002131,0.002131,0.001065,-6.000000,-25.000000,20.000000
311092,0.732564,-0.059690,-0.125772,0.666309,0.106079,-0.256836,0.966797,0.001065,0.001065,-0.001065,0.000000,0.000000,0.000000
311104,0.732682,-0.058735,-0.125948,0.666231,0.107178,-0.255737,0.968506,0.000000,0.004261,0.000000,0.000000,0.000000,0.000000
311116,0.732551,-0.059684,-0.126216,0.666240,0.106567,-0.256592,0.967896,-0.001065,0.003196,-0.001065,0.000000,0.000000,0.000000
311128,0.732683,-0.058722,-0.126149,0.666193,0.106812,-0.256592,0.967896,-0.002131,0.003196,0.000000,0.000000,0.000000,0.000000
311140,0.732550,-0.059691,-0.126319,0.666221,0.106079,-0.258179,0.968262,0.000000,0.002131,0.000000,0.000000,0.000000,0.000000
311152,0.732640,-0.059377,-0.125416,0.666321,0.105835,-0.256714,0.968140,-0.002131,0.004261,0.001065,0.000000,0.000000,0.000000
311164,0.732507,-0.060241,-0.125870,0.666304,0.104736,-0.257690,0.966797,-0.001065,0.003196,0.000000,0.000000,0.000000,0.000000
311176,0.732230,-0.060468,-0.125530,0.666652,0.105347,-0.256836,0.968018,-0.003196,0.004261,0.000000,-5.000000,-27.000000,19.000000
311189,0.732323,-0.059596,-0.125974,0.666545,0.106079,-0.257202,0.968872,-0.001065,0.002131,0.000000,0.000000,0.000000,0.000000
311201,0.732457,-0.058708,-0.125627,0.666541,0.106567,-0.255859,0.969482,-0.002131,0.004261,0.001065,0.000000,0.000000,0.000000
311213,0.732326,-0.059683,-0.125757,0.666574,0.105103,-0.256958,0.967163,0.001065,0.003196,0.000000,0.000000,0.000000,0.000000
311225,0.732426,-0.058769,-0.126098,0.666481,0.106567,-0.255859,0.966797,0.000000,0.003196,0.001065,0.000000,0.000000,0.000000
311237,0.732291,-0.059577,-0.126628,0.666458,0.106689,-0.256836,0.965820,0.000000,0.002131,0.001065,0.000000,0.000000,0.000000
311249,0.732371,-0.059342,-0.125693,0.666568,0.105957,-0.256348,0.965698,0.000000,0.003196,0.001065,0.000000,0.000000,0.000000
311261,0.732236,-0.060228,-0.126069,0.666565,0.104858,-0.257813,0.966064,0.002131,0.002131,0.000000,0.000000,0.000000,0.000000
311273,0.732330,-0.059340,-0.126471,0.666466,0.106689,-0.257324,0.967529,0.000000,0.003196,0.001065,0.000000,0.000000,0.000000
311285,0.732025,-0.059548,-0.126108,0.666850,0.106323,-0.257935,0.967529,0.000000,0.003196,0.001065,-8.000000,-31.000000,21.000000
311298,0.732158,-0.058597,-0.125975,0.666815,0.106689,-0.256104,0.967896,-0.001065,0.005326,0.001065,0.000000,0.000000,0.000000
311310,0.732033,-0.059358,-0.126564,0.666773,0.106934,-0.257690,0.967896,0.000000,0.003196,-0.001065,0.000000,0.000000,0.000000
311322,0.732171,-0.058439,-0.126300,0.666752,0.107666,-0.256958,0.969849,-0.002131,0.004261,0.000000,0.000000,0.000000,0.000000
311334,0.732040,-0.059418,-0.126430,0.666785,0.106689,-0.257446,0.968018,0.000000,0.003196,0.000000,0.000000,0.000000,0.000000
311346,0.732174,-0.058455,-0.126335,0.666741,0.107178,-0.256348,0.967041,0.000000,0.004261,0.000000,0.000000,0.000000,0.000000
311358,0.732052,-0.059441,-0.126298,0.666795,0.106323,-0.257324,0.967773,0.000000,0.001065,-0.001065,0.000000,0.000000,0.000000
311370,0.732164,-0.058941,-0.125497,0.666867,0.106079,-0.255859,0.969360,-0.003196,0.003196,0.000000,0.000000,0.000000,0.000000
311382,0.731876,-0.059228,-0.124957,0.667259,0.105591,-0.256714,0.967285,0.000000,0.003196,0.000000,-8.000000,-28.000000,29.000000
311395,0.731840,-0.059138,-0.125904,0.667129,0.106201,-0.256348,0.967896,0.000000,0.003196,0.000000,0.000000,0.000000,0.000000
311407,0.731710,-0.060102,-0.126091,0.667150,0.105225,-0.257935,0.968140,0.000000,0.002131,-0.001065,0.000000,0.000000,0.000000
311419,0.731816,-0.059192,-0.126416,0.667054,0.106567,-0.257324,0.968140,-0.002131,0.004261,0.000000,0.000000,0.000000,0.000000
311431,0.731700,-0.060161,-0.126224,0.667131,0.105103,-0.257935,0.966553,0.000000,0.000000,0.000000,0.000000,0.000000,0.000000
311441,0.731833,-0.059205,-0.126121,0.667089,0.106445,-0.256592,0.967896,-0.002131,0.003196,0.000000,0.000000,0.000000,0.000000
311453,0.731703,-0.060198,-0.126194,0.667130,0.105957,-0.257324,0.968140,-0.002131,0.002131,0.000000,0.000000,0.000000,0.000000
311465,0.731840,-0.059255,-0.125990,0.667103,0.105835,-0.256958,0.967651,-0.001065,0.003196,0.000000,0.000000,0.000000,0.000000
311477,0.731540,-0.059467,-0.125605,0.667485,0.106934,-0.257080,0.968018,0.000000,0.002131,-0.001065,-7.000000,-26.000000,19.000000
311490,0.731662,-0.058510,-0.125720,0.667414,0.106445,-0.255493,0.968628,-0.002131,0.004261,0.000000,0.000000,0.000000,0.000000
311502,0.731531,-0.059509,-0.125761,0.667462,0.104858,-0.257568,0.968628,-0.001065,0.004261,0.001065,0.000000,0.000000,0.000000
311514,0.731400,-0.060290,-0.126319,0.667430,0.105225,-0.258423,0.968506,0.001065,0.005326,0.001065,0.000000,0.000000,0.000000
311526,0.731351,-0.060295,-0.127264,0.667303,0.105835,-0.259521,0.968506,0.001065,0.003196,0.000000,0.000000,0.000000,0.000000
311538,0.731360,-0.060614,-0.126331,0.667442,0.104614,-0.258789,0.966187,-0.002131,0.004261,0.001065,0.000000,0.000000,0.000000
311550,0.731490,-0.059832,-0.125782,0.667473,0.104614,-0.257813,0.966431,-0.001065,0.002131,0.001065,0.000000,0.000000,0.000000
311562,0.731549,-0.059117,-0.126431,0.667350,0.105957,-0.256836,0.966797,0.000000,0.004261,0.001065,0.000000,0.000000,0.000000
311574,0.731247,-0.059375,-0.125956,0.667748,0.106445,-0.257080,0.968018,-0.001065,0.003196,0.001065,-8.000000,-28.000000,25.000000
311587,0.731378,-0.058431,-0.125819,0.667713,0.106201,-0.255615,0.967041,-0.003196,0.004261,0.001065,0.000000,0.000000,0.000000
311599,0.731254,-0.059128,-0.126493,0.667661,0.106689,-0.256226,0.967041,-0.002131,0.002131,0.000000,0.000000,0.000000,0.000000
311611,0.731383,-0.058159,-0.126493,0.667605,0.107788,-0.256104,0.967896,-0.002131,0.002131,0.000000,0.000000,0.000000,0.000000
311623,0.731248,-0.059019,-0.126940,0.667592,0.107422,-0.258423,0.967529,0.000000,0.002131,0.000000,0.000000,0.000000,0.000000
311635,0.731120,-0.060022,-0.126903,0.667651,0.106567,-0.258179,0.966187,-0.001065,0.004261,0.001065,0.000000,0.000000,0.000000
311647,0.731253,-0.059068,-0.126717,0.667625,0.107178,-0.257568,0.967896,0.000000,0.002131,0.001065,0.000000,0.000000,0.000000
311659,0.731356,-0.058620,-0.125874,0.667711,0.106812,-0.256226,0.967773,-0.001065,0.003196,0.001065,0.000000,0.000000,0.000000
311671,0.731232,-0.059331,-0.126525,0.667661,0.106567,-0.257813,0.967407,-0.001065,0.003196,0.000000,0.000000,0.000000,0.000000
311683,0.730914,-0.059574,-0.126055,0.668076,0.106323,-0.257202,0.967529,-0.002131,0.004261,0.001065,-9.000000,-26.000000,22.000000
311696,0.731044,-0.058602,-0.125942,0.668041,0.106079,-0.256836,0.968994,0.001065,0.002131,0.001065,0.000000,0.000000,0.000000
311708,0.730918,-0.059597,-0.125876,0.668103,0.105469,-0.256714,0.967773,0.000000,0.003196,0.001065,0.000000,0.000000,0.000000
311720,0.730808,-0.060137,-0.126654,0.668028,0.105225,-0.257813,0.966553,0.001065,0.003196,0.000000,0.000000,0.000000,0.000000
311732,0.730945,-0.059254,-0.126298,0.668025,0.106445,-0.256348,0.967285,-0.002131,0.005326,0.001065,0.000000,0.000000,0.000000
311744,0.731042,-0.058359,-0.126666,0.667928,0.107178,-0.256958,0.968628,-0.001065,0.004261,0.001065,0.000000,0.000000,0.000000
311756,0.730922,-0.059369,-0.126505,0.668000,0.106323,-0.257324,0.966797,-0.003196,0.006392,0.001065,0.000000,0.000000,0.000000
311768,0.731007,-0.059131,-0.125573,0.668104,0.105347,-0.255859,0.966553,-0.001065,0.004261,0.000000,0.000000,0.000000,0.000000
311780,0.730714,-0.059373,-0.125147,0.668483,0.105713,-0.255005,0.967041,-0.001065,0.003196,0.000000,-7.000000,-28.000000,23.000000
311793,0.730682,-0.059262,-0.126085,0.668352,0.105835,-0.256836,0.967285,0.001065,0.004261,0.000000,0.000000,0.000000,0.000000
311805,0.730567,-0.059842,-0.126845,0.668282,0.105713,-0.256958,0.966553,-0.001065,0.005326,0.001065,0.000000,0.000000,0.000000
311817,0.730693,-0.059197,-0.126135,0.668337,0.105957,-0.257568,0.967041,0.000000,0.003196,0.000000,0.000000,0.000000,0.000000
311829,0.730784,-0.058319,-0.126547,0.668236,0.106812,-0.256470,0.967651,0.000000,0.004261,0.001065,0.000000,0.000000,0.000000
311841,0.730663,-0.059309,-0.126463,0.668297,0.106323,-0.257324,0.967285,0.001065,0.003196,0.000000,0.000000,0.000000,0.000000
311853,0.730768,-0.058895,-0.125603,0.668381,0.105835,-0.256348,0.966431,-0.002131,0.005326,0.000000,0.000000,0.000000,0.000000
311865,0.730759,-0.058630,-0.126525,0.668240,0.106445,-0.256226,0.968384,-0.001065,0.003196,-0.001065,0.000000,0.000000,0.000000
311877,0.730470,-0.058885,-0.126093,0.668616,0.106201,-0.255737,0.968872,-0.002131,0.004261,0.000000,-7.000000,-29.000000,24.000000
311890,0.730361,-0.059860,-0.125868,0.668690,0.104736,-0.257568,0.968262,0.000000,0.003196,-0.001065,0.000000,0.000000,0.000000
311902,0.730471,-0.058928,-0.126111,0.668607,0.105225,-0.256958,0.967407,-0.001065,0.005326,0.001065,0.000000,0.000000,0.000000
311914,0.730333,-0.059840,-0.126460,0.668611,0.105957,-0.257446,0.968506,0.000000,0.003196,0.001065,0.000000,0.000000,0.000000
311926,0.730467,-0.058906,-0.126236,0.668590,0.106934,-0.256348,0.969238,-0.001065,0.004261,0.001065,0.000000,0.000000,0.000000
311938,0.730351,-0.059523,-0.126963,0.668524,0.106567,-0.257690,0.968018,0.000000,0.004261,0.000000,0.000000,0.000000,0.000000
311950,0.730494,-0.058678,-0.126504,0.668530,0.107056,-0.256592,0.967163,0.000000,0.005326,-0.001065,0.000000,0.000000,0.000000
311961,0.730373,-0.059341,-0.127200,0.668471,0.107178,-0.257202,0.968018,-0.001065,0.003196,0.000000,0.000000,0.000000,0.000000
311973,0.730066,-0.059603,-0.126671,0.668884,0.106445,-0.256958,0.966797,-0.003196,0.004261,0.000000,-9.000000,-25.000000,24.000000
311987,0.730081,-0.059178,-0.127535,0.668741,0.107300,-0.258545,0.966919,-0.001065,0.003196,-0.001065,0.000000,0.000000,0.000000
311998,0.730216,-0.058408,-0.126969,0.668769,0.108154,-0.256592,0.967896,-0.001065,0.003196,0.000000,0.000000,0.000000,0.000000
312010,0.730081,-0.059269,-0.127405,0.668757,0.108032,-0.257446,0.968262,0.001065,0.002131,0.000000,0.000000,0.000000,0.000000
312022,0.730200,-0.058673,-0.126660,0.668822,0.107178,-0.256592,0.966919,-0.001065,0.004261,0.001065,0.000000,0.000000,0.000000
312034,0.730338,-0.057833,-0.126187,0.668834,0.107422,-0.255737,0.967285,0.000000,0.003196,0.000000,0.000000,0.000000,0.000000
312046,0.730202,-0.058803,-0.126366,0.668864,0.106567,-0.256592,0.967285,0.000000,0.003196,0.001065,0.000000,0.000000,0.000000
312058,0.730063,-0.059735,-0.126668,0.668876,0.106201,-0.258057,0.968506,0.000000,0.003196,0.001065,0.000000,0.000000,0.000000
312070,0.730196,-0.058955,-0.126147,0.668898,0.106201,-0.256836,0.968506,-0.004261,0.006392,0.001065,0.000000,0.000000,0.000000
312082,0.729902,-0.059152,-0.125820,0.669263,0.107056,-0.256470,0.968994,-0.002131,0.004261,-0.001065,-8.000000,-32.000000,20.000000
312095,0.729928,-0.058671,-0.126655,0.669120,0.107178,-0.256836,0.967529,-0.004261,0.004261,-0.001065,0.000000,0.000000,0.000000
312107,0.729793,-0.059624,-0.126938,0.669130,0.106201,-0.258545,0.966919,-0.003196,0.003196,0.000000,0.000000,0.000000,0.000000
312119,0.729892,-0.059266,-0.126052,0.669220,0.105835,-0.257813,0.967163,-0.002131,0.005326,0.000000,0.000000,0.000000,0.000000
312131,0.729862,-0.059145,-0.127001,0.669084,0.106567,-0.257935,0.968384,0.000000,0.002131,-0.001065,0.000000,0.000000,0.000000
312143,0.729879,-0.059432,-0.126065,0.669218,0.106201,-0.257324,0.965820,-0.002131,0.003196,0.000000,0.000000,0.000000,0.000000
312155,0.729943,-0.058702,-0.126705,0.669092,0.106445,-0.256714,0.966309,-0.001065,0.003196,0.000000,0.000000,0.000000,0.000000
312167,0.730070,-0.057990,-0.126070,0.669135,0.107056,-0.256470,0.966675,-0.001065,0.004261,0.001065,0.000000,0.000000,0.000000
312179,0.729734,-0.058193,-0.125647,0.669563,0.106812,-0.257690,0.967163,0.000000,0.002131,0.001065,-11.000000,-28.000000,21.000000
312192,0.729601,-0.058982,-0.126212,0.669532,0.105713,-0.256470,0.965820,-0.001065,0.003196,0.001065,0.000000,0.000000,0.000000
312204,0.729473,-0.059796,-0.126722,0.669504,0.105591,-0.257690,0.966553,0.001065,0.002131,-0.001065,0.000000,0.000000,0.000000
312216,0.729615,-0.058878,-0.126416,0.669488,0.106445,-0.256592,0.967285,0.000000,0.003196,-0.001065,0.000000,0.000000,0.000000
312228,0.729481,-0.059722,-0.126890,0.669469,0.106201,-0.257568,0.967529,0.000000,0.002131,0.000000,0.000000,0.000000,0.000000
312240,0.729609,-0.058976,-0.126296,0.669509,0.105835,-0.257690,0.966187,-0.001065,0.005326,0.002131,0.000000,0.000000,0.000000
312252,0.729493,-0.059553,-0.127053,0.669441,0.106201,-0.257813,0.967163,0.000000,0.004261,0.001065,0.000000,0.000000,0.000000
312264,0.729629,-0.058852,-0.126397,0.669479,0.106323,-0.255859,0.966675,0.000000,0.006392,-0.001065,0.000000,0.000000,0.000000
312276,0.729332,-0.059087,-0.125952,0.669865,0.105835,-0.256714,0.967407,0.000000,0.004261,-0.002131,-8.000000,-27.000000,22.000000
312289,0.729465,-0.058155,-0.125719,0.669846,0.105591,-0.255859,0.967407,-0.002131,0.002131,0.001065,0.000000,0.000000,0.000000
312301,0.729361,-0.058618,-0.126552,0.669762,0.106689,-0.256348,0.968384,0.000000,0.001065,0.000000,0.000000,0.000000,0.000000
312313,0.729249,-0.059588,-0.126280,0.669850,0.106445,-0.256958,0.967529,0.000000,0.004261,0.001065,0.000000,0.000000,0.000000
312325,0.729197,-0.059622,-0.127224,0.669725,0.105713,-0.258423,0.967163,0.001065,0.003196,0.000000,0.000000,0.000000,0.000000
312337,0.729331,-0.058886,-0.126606,0.669760,0.106445,-0.257568,0.966919,0.000000,0.002131,-0.001065,0.000000,0.000000,0.000000
312349,0.729246,-0.059183,-0.127508,0.669657,0.107056,-0.258179,0.967529,0.000000,0.002131,0.000000,0.000000,0.000000,0.000000
312361,0.729248,-0.059554,-0.126591,0.669796,0.105835,-0.257935,0.965942,-0.002131,0.004261,0.001065,0.000000,0.000000,0.000000
312372,0.728954,-0.059799,-0.126151,0.670176,0.105469,-0.257568,0.967407,-0.001065,0.002131,0.000000,-7.000000,-27.000000,23.000000
312386,0.729068,-0.058851,-0.126376,0.670094,0.106812,-0.256592,0.968140,-0.002131,0.002131,0.000000,0.000000,0.000000,0.000000
312398,0.729074,-0.058475,-0.127262,0.669953,0.107056,-0.257324,0.967896,0.001065,0.002131,-0.001065,0.000000,0.000000,0.000000
312410,0.729086,-0.058805,-0.126333,0.670086,0.106567,-0.256714,0.966553,-0.002131,0.004261,0.000000,0.000000,0.000000,0.000000
312422,0.729178,-0.057944,-0.126797,0.669973,0.106934,-0.256714,0.968384,-0.002131,0.002131,-0.001065,0.000000,0.000000,0.000000
312433,0.729095,-0.058796,-0.126292,0.670085,0.106201,-0.256592,0.967407,0.000000,0.000000,0.000000,0.000000,0.000000,0.000000
312443,0.729000,-0.059193,-0.127164,0.669988,0.106567,-0.257813,0.967285,-0.002131,0.003196,0.000000,0.000000,0.000000,0.000000
312455,0.729139,-0.058342,-0.126714,0.669997,0.107056,-0.257080,0.966553,0.000000,0.004261,0.000000,0.000000,0.000000,0.000000
312467,0.729135,-0.058019,-0.127614,0.669859,0.107788,-0.257080,0.968872,0.000000,0.003196,0.000000,0.000000,0.000000,0.000000
312479,0.728830,-0.058246,-0.127205,0.670249,0.106079,-0.257568,0.968018,-0.001065,0.003196,0.000000,-8.000000,-28.000000,21.000000
312492,0.728776,-0.058962,-0.126512,0.670375,0.106567,-0.257324,0.967773,-0.001065,0.002131,0.000000,0.000000,0.000000,0.000000
312504,0.728900,-0.057988,-0.126601,0.670309,0.107178,-0.255859,0.966431,0.000000,0.002131,0.000000,0.000000,0.000000,0.000000
312516,0.728852,-0.057967,-0.127554,0.670182,0.108398,-0.256714,0.967529,0.000000,0.002131,0.000000,0.000000,0.000000,0.000000
312528,0.728840,-0.058439,-0.126680,0.670320,0.107666,-0.256592,0.966309,-0.003196,0.004261,0.001065,0.000000,0.000000,0.000000
312540,0.728978,-0.057527,-0.126375,0.670307,0.107788,-0.255249,0.968018,-0.001065,0.003196,0.000000,0.000000,0.000000,0.000000
312552,0.728846,-0.058501,-0.126535,0.670336,0.106812,-0.256470,0.967407,0.000000,0.003196,0.000000,0.000000,0.000000,0.000000
312564,0.728786,-0.058591,-0.127478,0.670215,0.107300,-0.257324,0.968018,0.000000,0.003196,0.000000,0.000000,0.000000,0.000000
312576,0.728478,-0.058810,-0.127092,0.670604,0.106445,-0.256836,0.965942,-0.002131,0.003196,0.001065,-7.000000,-25.000000,18.000000
312589,0.728614,-0.057992,-0.126583,0.670623,0.107422,-0.256470,0.968262,0.000000,0.002131,0.000000,0.000000,0.000000,0.000000
312601,0.728482,-0.058915,-0.126917,0.670623,0.106689,-0.257690,0.967407,-0.001065,0.003196,-0.001065,0.000000,0.000000,0.000000
312613,0.728347,-0.059833,-0.127269,0.670621,0.106445,-0.258301,0.967407,-0.001065,0.004261,0.000000,0.000000,0.000000,0.000000
312625,0.728486,-0.058905,-0.127013,0.670601,0.106812,-0.257690,0.966919,-0.001065,0.003196,0.000000,0.000000,0.000000,0.000000
312637,0.728619,-0.057925,-0.126995,0.670546,0.107788,-0.257446,0.969116,0.000000,0.001065,-0.001065,0.000000,0.000000,0.000000
312649,0.728509,-0.058891,-0.126741,0.670630,0.105713,-0.257813,0.967041,-0.002131,0.001065,0.000000,0.000000,0.000000,0.000000
312661,0.728436,-0.059710,-0.126163,0.670745,0.104248,-0.257935,0.967407,-0.003196,0.002131,0.000000,0.000000,0.000000,0.000000
312673,0.728118,-0.059917,-0.125758,0.671148,0.104614,-0.257446,0.967041,-0.001065,0.002131,0.000000,-9.000000,-27.000000,20.000000
312686,0.728188,-0.059126,-0.126335,0.671033,0.105957,-0.257568,0.968506,0.002131,0.002131,0.001065,0.000000,0.000000,0.000000
312698,0.728048,-0.060003,-0.126747,0.671030,0.105103,-0.257690,0.966675,0.001065,0.004261,0.002131,0.000000,0.000000,0.000000
312710,0.728175,-0.059032,-0.126810,0.670966,0.106812,-0.257568,0.968018,0.001065,0.004261,0.000000,0.000000,0.000000,0.000000
312722,0.728307,-0.058058,-0.126828,0.670904,0.107300,-0.257080,0.968384,0.000000,0.003196,-0.001065,0.000000,0.000000,0.000000
312734,0.728185,-0.059063,-0.126816,0.670952,0.106934,-0.257568,0.968628,-0.002131,0.004261,-0.001065,0.000000,0.000000,0.000000
312746,0.728083,-0.060005,-0.126439,0.671050,0.105591,-0.257935,0.966553,-0.002131,0.004261,0.001065,0.000000,0.000000,0.000000
312757,0.728181,-0.059100,-0.126803,0.670955,0.106689,-0.258057,0.968506,0.000000,0.003196,0.001065,0.000000,0.000000,0.000000
312769,0.727881,-0.059323,-0.126400,0.671337,0.106201,-0.257935,0.968628,0.000000,0.002131,0.001065,-8.000000,-31.000000,24.000000
312783,0.727984,-0.058395,-0.126714,0.671248,0.106079,-0.257935,0.969604,0.000000,0.002131,0.001065,0.000000,0.000000,0.000000
312795,0.727883,-0.059336,-0.126359,0.671341,0.105225,-0.257813,0.968018,-0.001065,0.003196,0.000000,0.000000,0.000000,0.000000
312807,0.727952,-0.058597,-0.126991,0.671212,0.106201,-0.258057,0.968994,0.001065,0.003196,-0.001065,0.000000,0.000000,0.000000
312819,0.727835,-0.059586,-0.126816,0.671284,0.105103,-0.258911,0.967163,0.000000,0.004261,0.000000,0.000000,0.000000,0.000000
