t_imu_ms,pc_timestamp_iso,pc_timestamp_s,qw,qx,qy,qz,ax_lin_mps2,ay_lin_mps2,az_lin_mps2,gx_rads,gy_rads,gz_rads,vx_mps,vy_mps,vz_mps,px_m,py_m,pz_m,roll_deg,pitch_deg,yaw_deg
1031052.0,2025-12-16T03:31:00.817176,0.052444,0.082969,0.022709,-0.013432,0.996203,0.280624,-0.453853,0.061245,-0.124518,0.012947,-0.050634,8.437238,-11.567832,5.429615,120.104622,246.437698,1557.822266,-1.319082,-2.721141,170.509498
1031086.0,2025-12-16T03:31:01.838187,1.073456,0.084831,0.022452,-0.015032,0.996029,0.267965,-0.514650,0.015134,-0.084132,0.003974,-0.053428,8.404850,-11.522097,5.402874,120.395874,246.038406,1558.009644,-1.499289,-2.709736,170.299315
1031119.0,2025-12-16T03:31:01.839701,1.074970,0.085368,0.021223,-0.014373,0.996020,0.214326,-0.532992,0.012479,-0.071864,0.002213,-0.025006,8.367867,-11.473108,5.372669,120.714470,245.601608,1558.214355,-1.434477,-2.563702,170.234457
1031160.0,2025-12-16T03:31:01.839701,1.074970,0.085474,0.019936,-0.013520,0.996049,0.201260,-0.482430,0.008865,-0.061513,0.002549,-0.002499,8.328493,-11.421955,5.341647,121.040031,245.155182,1558.423218,-1.349211,-2.408627,170.218892
1031206.0,2025-12-16T03:31:01.839701,1.074970,0.086375,0.019738,-0.014850,0.995957,0.201235,-0.520338,-0.014452,-0.060482,0.002634,0.003972,8.289623,-11.371448,5.310896,121.357140,244.720245,1558.626465,-1.500891,-2.400372,170.118277
1031244.0,2025-12-16T03:31:01.839701,1.074970,0.086351,0.018538,-0.014023,0.995994,0.191191,-0.495271,0.029064,-0.062576,0.003442,0.004060,8.251283,-11.322013,5.281256,121.666367,244.296005,1558.824463,-1.418278,-2.255143,170.117799
1031278.0,2025-12-16T03:31:01.841768,1.077036,0.086337,0.017349,-0.013132,0.996028,0.181186,-0.473897,-0.006546,-0.059196,0.003653,0.003297,8.212621,-11.271693,5.251945,121.973312,243.874786,1559.020874,-1.328186,-2.110521,170.116236
1031311.0,2025-12-16T03:31:01.841768,1.077036,0.087430,0.017219,-0.014184,0.995921,0.186648,-0.477775,0.022603,-0.045723,0.001349,-0.007915,8.173685,-11.220723,5.222512,122.279961,243.453873,1559.216919,-1.447387,-2.107706,169.992616
1031350.0,2025-12-16T03:31:01.841768,1.077036,0.087534,0.016378,-0.012974,0.995942,0.107191,-0.507150,0.008889,-0.050869,0.003112,-0.002965,8.132787,-11.169505,5.193050,122.589516,243.028824,1559.414673,-1.317282,-1.999725,169.977267
1031388.0,2025-12-16T03:31:01.841768,1.077036,0.088388,0.016240,-0.014034,0.995855,0.122094,-0.503468,0.019452,-0.049046,0.002780,0.003046,8.090917,-11.118879,5.163781,122.895973,242.607803,1559.610352,-1.438088,-1.995791,169.880972
1031425.0,2025-12-16T03:31:01.841768,1.077036,0.088330,0.015310,-0.012845,0.995891,0.112809,-0.463566,0.024757,-0.050943,0.003484,0.005403,8.048750,-11.066764,5.134597,123.204124,242.184219,1559.807007,-1.311769,-1.877515,169.884442
1031462.0,2025-12-16T03:31:01.843781,1.079049,0.088375,0.011419,-0.003138,0.996017,0.058733,-0.267035,0.017695,-0.052219,0.002876,0.005220,8.005940,-11.010794,5.105804,123.507271,241.767349,1560.000366,-0.242538,-1.335193,169.861911
1031500.0,2025-12-16T03:31:01.843781,1.079049,0.092855,0.011773,-0.005699,0.995594,0.051895,-0.309504,0.013769,-0.045458,0.000355,0.003597,7.962182,-10.952141,5.076962,123.808250,241.353363,1560.192261,-0.525034,-1.403902,169.349751
1031537.0,2025-12-16T03:31:01.843781,1.079049,0.092892,0.008275,0.004123,0.995633,0.010554,-0.099264,0.028211,-0.057909,0.004435,0.004753,7.917301,-10.890040,5.048184,124.110031,240.938263,1560.384644,0.558562,-0.900254,169.335133
1031579.0,2025-12-16T03:31:01.845795,1.081063,0.092868,0.006276,0.014150,0.995558,-0.011809,0.077774,0.047896,-0.057184,0.003126,0.006624,7.872043,-10.821985,5.020533,124.405907,240.531403,1560.573364,1.681388,-0.565393,169.333128
1031617.0,2025-12-16T03:31:01.846270,1.081538,0.097754,0.006960,0.010638,0.995129,-0.011976,0.010477,0.027186,-0.056208,0.002784,0.011048,7.826552,-10.752346,4.992941,124.700150,240.127029,1560.761108,1.291241,-0.674510,168.771773
1031650.0,2025-12-16T03:31:01.846270,1.081538,0.097242,0.018606,0.009733,0.995039,0.212379,-0.038425,0.057362,-0.054355,0.003491,0.019392,7.783234,-10.681887,4.964212,125.007698,239.704727,1560.957275,1.318050,-2.013459,168.813639
1031694.0,2025-12-16T03:31:01.846270,1.081538,0.102039,0.018539,0.006633,0.994586,0.203299,-0.103505,0.047287,-0.045239,0.001306,0.008089,7.746021,-10.617352,4.937330,125.298813,239.305450,1561.142944,0.973400,-2.035729,168.267231
1031726.0,2025-12-16T03:31:01.846270,1.081538,0.102092,0.007802,0.009729,0.994697,0.005004,-0.015728,0.032694,-0.034954,-0.004004,0.005915,7.704491,-10.551949,4.909730,125.592094,238.903610,1561.329834,1.200444,-0.775529,168.271670
1031769.0,2025-12-16T03:31:01.846270,1.081538,0.102149,-0.002544,0.014840,0.994655,-0.179045,0.111735,0.038957,-0.039442,-0.000608,0.004549,7.654066,-10.480194,4.880958,125.895355,238.488327,1561.523193,1.661993,0.463672,168.279468
1031811.0,2025-12-16T03:31:01.846270,1.081538,0.106689,-0.001233,0.010702,0.994234,-0.170559,0.026004,0.030270,-0.062707,0.006566,0.004209,7.602293,-10.410443,4.853152,126.187065,238.088882,1561.709351,1.204293,0.271320,167.753149
1031841.0,2025-12-16T03:31:01.849846,1.085114,0.106474,0.009756,0.009008,0.994227,0.033523,-0.025431,0.029099,-0.053729,0.003687,0.004907,7.556047,-10.345413,4.825959,126.469673,237.701920,1561.889771,1.145576,-1.001613,167.764716
1031884.0,2025-12-16T03:31:01.851021,1.086289,0.110356,0.009932,0.006311,0.993823,0.051337,-0.071838,0.030723,-0.050580,0.003718,0.004303,7.513674,-10.281953,4.798610,126.753387,237.313568,1562.070923,0.844440,-1.051360,167.319708
1031919.0,2025-12-16T03:31:01.851021,1.086289,0.110413,0.001792,0.013410,0.993794,-0.090616,0.089637,0.026827,-0.051336,0.003726,0.004146,7.469057,-10.216574,4.771248,127.036270,236.926544,1562.251587,1.550003,-0.034430,167.320071
1031959.0,2025-12-16T03:31:01.851021,1.086289,0.110195,0.011395,0.006739,0.993822,0.067419,-0.073788,0.039736,-0.057051,0.006093,0.004105,7.424970,-10.151679,4.744168,127.317398,236.542099,1562.431152,0.911590,-1.212714,167.336176
1031995.0,2025-12-16T03:31:01.851021,1.086289,0.114477,0.011558,0.003779,0.993351,0.072575,-0.124550,0.008958,-0.055386,0.005133,0.004881,7.384370,-10.091556,4.717054,127.594978,236.162674,1562.608521,0.581928,-1.266152,166.845690
1032033.0,2025-12-16T03:31:01.852665,1.087933,0.114541,0.004414,0.012937,0.993325,-0.048579,0.062026,0.007234,-0.049305,0.003266,0.004284,7.337749,-10.023372,4.686847,127.897125,235.749847,1562.801514,1.530705,-0.332636,166.840044
1032075.0,2025-12-16T03:31:01.853454,1.088722,0.114287,0.012801,0.002428,0.993362,0.088542,-0.150893,0.026724,-0.046180,0.002806,0.004949,7.289802,-9.953441,4.655949,128.209518,235.323227,1563.001099,0.444124,-1.425474,166.868350
1032118.0,2025-12-16T03:31:01.880621,1.115890,0.118129,0.012874,-0.000188,0.992915,0.086620,-0.199505,0.035267,-0.048620,0.002700,0.004313,7.249815,-9.896410,4.629098,128.485886,234.945938,1563.177612,0.152893,-1.467502,166.428617
1032152.0,2025-12-16T03:31:01.910905,1.146173,0.118172,0.007060,0.008873,0.992928,-0.003274,-0.013244,0.047927,-0.038996,-0.000482,0.004937,7.208436,-9.837334,4.602868,128.759445,234.572556,1563.352295,1.105320,-0.683113,166.419278
1032196.0,2025-12-16T03:31:01.966690,1.201958,0.121577,0.007483,0.006642,0.992532,-0.009957,-0.053189,0.054536,-0.034117,-0.000520,0.004308,7.164966,-9.775187,4.576803,129.034439,234.197327,1563.527954,0.859767,-0.758547,166.027382
1032235.0,2025-12-16T03:31:02.001144,1.236412,0.121593,0.004045,0.018973,0.992391,-0.030790,0.198061,0.052516,-0.036930,-0.001354,0.004140,7.113169,-9.697467,4.546151,129.357941,233.756119,1563.734619,2.214584,-0.195655,166.025526
1032278.0,2025-12-16T03:31:02.099979,1.335248,0.121423,0.006608,0.007054,0.992554,-0.002268,-0.023346,0.030514,-0.038333,0.000048,0.004895,7.069744,-9.631703,4.519867,129.629852,233.385544,1563.908447,0.894397,-0.653450,166.045771
1032313.0,2025-12-16T03:31:02.099979,1.335248,0.125753,0.007364,0.004138,0.992026,-0.014133,-0.078761,0.048712,-0.034738,-0.001966,0.005089,7.026932,-9.571702,4.493660,129.899658,233.017990,1564.080933,0.576600,-0.777510,165.547119
1032350.0,2025-12-16T03:31:02.160084,1.395352,0.125758,0.004736,0.014573,0.991943,-0.019086,0.145435,0.028168,-0.042524,-0.000900,0.004347,6.983842,-9.508645,4.467404,130.168991,232.651199,1564.253174,1.725021,-0.328360,165.544319
1032389.0,2025-12-16T03:31:02.160084,1.395352,0.129259,0.005378,0.011390,0.991531,-0.022790,0.069462,0.036444,-0.043726,-0.000628,0.004947,6.941192,-9.443830,4.441254,130.434387,232.289978,1564.422974,1.373940,-0.442400,165.139999
1032425.0,2025-12-16T03:31:02.221780,1.457048,0.129049,0.009672,0.000011,0.991591,0.032977,-0.151925,0.034380,-0.044826,0.000233,0.005892,6.899800,-9.385120,4.415373,130.697784,231.931656,1564.591553,0.144281,-1.098935,165.168645
1032468.0,2025-12-16T03:31:02.280452,1.515720,0.129088,0.005486,0.009679,0.991571,-0.019979,0.040856,0.032952,-0.053797,0.002824,0.003767,6.858727,-9.327376,4.389580,130.959213,231.576096,1564.758911,1.181015,-0.480223,165.160329
1032504.0,2025-12-16T03:31:02.280452,1.515720,0.132703,0.006035,0.006161,0.991118,-0.009795,-0.031388,0.033131,-0.058475,0.003493,0.004794,6.817450,-9.268288,4.364115,131.216675,231.226028,1564.923706,0.791588,-0.591756,164.743707
1032540.0,2025-12-16T03:31:02.398151,1.633419,0.132638,0.010993,0.015602,0.990981,0.109639,0.153575,0.051461,-0.063701,0.004468,0.004267,6.776726,-9.204341,4.337786,131.486069,230.859955,1565.096191,1.939525,-1.011216,164.735983
1032579.0,2025-12-16T03:31:02.398151,1.633419,0.136290,0.011038,0.012280,0.990531,0.090164,0.069353,0.043594,-0.065776,0.004708,0.004137,6.740417,-9.142878,4.313338,131.737793,230.518280,1565.257324,1.566668,-1.061124,164.316944
1032614.0,2025-12-16T03:31:02.398151,1.633419,0.136256,0.002679,0.003347,0.990664,-0.091034,-0.082618,0.035944,-0.068676,0.006341,0.004103,6.700673,-9.086309,4.288768,131.987473,230.179657,1565.417114,0.421796,-0.251811,164.336454
1032656.0,2025-12-16T03:31:02.456567,1.691835,0.136156,0.009378,0.010836,0.990584,0.054245,0.037225,0.040385,-0.063948,0.005986,0.004878,6.660618,-9.030859,4.264326,132.234848,229.844238,1565.575439,1.376620,-0.895461,164.336742
1032691.0,2025-12-16T03:31:02.462101,1.697370,0.139512,0.009459,0.007827,0.990144,0.048124,-0.005707,0.041418,-0.066626,0.005107,0.005083,6.623088,-8.974057,4.239960,132.482086,229.509125,1565.733765,1.039478,-0.948175,163.950962
1032727.0,2025-12-16T03:31:02.522229,1.757497,0.139109,-0.001666,0.006194,0.990256,-0.128506,-0.008194,0.071631,-0.049277,-0.006112,0.027113,6.582513,-8.918600,4.216329,132.727203,229.177017,1565.890747,0.676308,0.287780,164.008751
1032765.0,2025-12-16T03:31:02.580486,1.815754,0.138780,0.008456,0.009069,0.990246,0.014339,-0.018560,0.076781,-0.072247,0.007456,0.013250,6.541119,-8.863111,4.193168,132.973511,228.843292,1566.048584,1.163784,-0.815360,164.035969
1032801.0,2025-12-16T03:31:02.582111,1.817379,0.141958,0.008567,0.006413,0.989815,0.007237,-0.084012,0.049281,-0.068033,0.007065,0.011998,6.503181,-8.810342,4.170108,133.213776,228.517761,1566.202637,0.866895,-0.867440,163.670209
1032841.0,2025-12-16T03:31:02.632134,1.867402,0.141973,0.003667,0.016723,0.989722,-0.050670,0.154563,0.056577,-0.049192,0.000524,0.005223,6.460011,-8.748700,4.144215,133.478729,228.158875,1566.372559,1.956682,-0.143871,163.671095
1032880.0,2025-12-16T03:31:02.699047,1.934316,0.145622,0.004350,0.013577,0.989237,-0.047801,0.086240,0.026563,-0.051765,-0.000258,0.004385,6.419279,-8.688930,4.119931,133.722412,227.828949,1566.528931,1.611885,-0.266504,163.247903
1032917.0,2025-12-16T03:31:02.699047,1.934316,0.145404,0.011416,0.003897,0.989299,0.059005,-0.121625,0.055436,-0.046127,-0.004402,0.004955,6.380931,-8.634875,4.095809,133.963898,227.502121,1566.683960,0.632150,-1.229364,163.270674
1032958.0,2025-12-16T03:31:02.757300,1.992568,0.145442,0.003088,0.011799,0.989292,-0.059749,0.063458,0.035440,-0.042239,0.000103,0.005106,6.340308,-8.578439,4.070558,134.218033,227.158249,1566.847046,1.389175,-0.153378,163.271152
1032997.0,2025-12-16T03:31:02.762785,1.998053,0.148619,0.003752,0.009107,0.988845,-0.061714,0.006118,0.040368,-0.039701,0.001212,0.002772,6.299512,-8.522537,4.046290,134.459045,226.832169,1567.001831,1.095867,-0.270066,162.902728
1033033.0,2025-12-16T03:31:02.816076,2.051344,0.148560,0.005612,0.007692,0.988858,-0.037520,-0.023869,0.057621,-0.079382,0.010990,0.002169,6.259297,-8.468502,4.022489,134.699142,226.507339,1567.156128,0.967213,-0.505028,162.907994
1033072.0,2025-12-16T03:31:02.879360,2.114628,0.148571,0.004689,0.008312,0.988856,-0.015569,-0.006183,0.042727,-0.087922,0.017389,0.000452,6.221859,-8.417306,3.999844,134.927597,226.198273,1567.302979,1.021838,-0.389863,162.907506
1033107.0,2025-12-16T03:31:02.881429,2.116697,0.149303,0.004449,0.006816,0.988758,-0.071702,-0.066737,0.022071,-0.069132,0.010508,-0.003123,6.184411,-8.367687,3.976898,135.152359,225.894180,1567.447510,0.848457,-0.387513,162.823456
1033143.0,2025-12-16T03:31:02.930382,2.165651,0.149362,0.005663,0.007241,0.988740,-0.058283,-0.057972,0.035316,-0.064853,0.008654,-0.003302,6.145645,-8.318245,3.953457,135.380417,225.585571,1567.594238,0.917420,-0.517669,162.815257
1033185.0,2025-12-16T03:31:02.997787,2.233056,0.150040,0.005519,0.005979,0.988646,-0.044643,-0.080514,0.058057,-0.055872,0.005024,-0.003349,6.107445,-8.269084,3.930679,135.608093,225.277359,1567.740723,0.772282,-0.522507,162.737369
1033217.0,2025-12-16T03:31:02.997787,2.233056,0.150168,0.006379,0.006954,0.988616,-0.043327,-0.065421,0.076277,-0.054291,0.004067,-0.006510,6.069376,-8.219817,3.908521,135.836639,224.967865,1567.887817,0.897713,-0.603035,162.721193
1033258.0,2025-12-16T03:31:03.063232,2.298500,0.150272,0.005877,0.008303,0.988592,-0.009256,-0.069527,0.035656,-0.053869,0.003009,-0.004140,6.029157,-8.166592,3.884205,136.082291,224.635162,1568.046021,1.041936,-0.522842,162.708937
1033297.0,2025-12-16T03:31:03.119276,2.354545,0.151451,0.005974,0.007220,0.988420,-0.028172,-0.098848,0.059800,-0.045103,-0.007486,-0.031924,5.992389,-8.118149,3.861473,136.308487,224.328751,1568.191772,0.921565,-0.551365,162.572755
1033333.0,2025-12-16T03:31:03.119276,2.354545,0.151228,0.006533,0.008659,0.988439,-0.020790,-0.084997,0.046879,-0.039671,-0.016518,0.012800,5.955686,-8.070320,3.839093,136.532883,224.024719,1568.336426,1.094136,-0.589902,162.597182
1033373.0,2025-12-16T03:31:03.179683,2.414951,0.150269,0.006700,0.010009,0.988572,-0.027821,-0.278686,0.017583,-0.046147,-0.019673,0.052153,5.918747,-8.025449,3.815756,136.758682,223.718643,1568.481934,1.249347,-0.586612,162.707351
1033409.0,2025-12-16T03:31:03.182271,2.417540,0.149893,0.005293,0.006683,0.988665,-0.068107,0.065191,3.454859,-0.168499,0.060239,0.059898,5.918747,-8.025449,3.815756,136.758682,223.718643,1568.481934,0.848056,-0.484830,162.754283
1033435.0,2025-12-16T03:31:03.231252,2.466520,0.148739,0.006217,0.003089,0.988852,-0.228120,-0.098105,3.828059,-0.310126,-0.001016,0.091291,5.891689,-7.999583,3.804339,136.911102,223.511826,1568.580322,0.456012,-0.651798,162.889255
1033459.0,2025-12-16T03:31:03.231252,2.466520,0.147390,0.006933,-0.002548,0.989051,-0.225732,-0.453575,4.969974,-0.478841,-0.110259,0.113578,5.863987,-7.981068,3.811744,137.056473,223.314224,1568.674438,-0.171680,-0.828829,163.049325
1033484.0,2025-12-16T03:31:03.297257,2.532525,0.145726,0.008928,-0.009500,0.989239,-0.240924,-0.718245,4.923261,-0.591555,-0.266381,0.166434,5.839089,-7.971074,3.830029,137.186554,223.136917,1568.759399,-0.928034,-1.170796,163.249401
1033503.0,2025-12-16T03:31:03.297257,2.532525,0.144058,0.011229,-0.015315,0.989387,-0.192252,-0.812725,5.364551,-0.526286,-0.278011,0.154165,5.814724,-7.964779,3.852080,137.315918,222.960022,1568.844727,-1.551741,-1.526105,163.452162
1033525.0,2025-12-16T03:31:03.297257,2.532525,0.143193,0.011076,-0.018244,0.989465,-0.002991,-1.149780,6.340105,-0.310948,-0.036462,0.085226,5.793893,-7.962976,3.887646,137.439957,222.789841,1568.927368,-1.887882,-1.555438,163.556548
1033546.0,2025-12-16T03:31:03.417812,2.653080,0.141602,0.008144,-0.017914,0.989728,0.028871,-1.358129,7.389310,-0.007232,0.297324,0.169088,5.776935,-7.966292,3.939271,137.553696,222.633270,1569.004272,-1.900362,-1.214427,163.735883
1033564.0,2025-12-16T03:31:03.417812,2.653080,0.138536,0.004221,-0.015121,0.990233,-0.158976,-0.876263,8.258493,0.247597,0.466693,0.348124,5.759943,-7.966581,4.003132,137.658203,222.488953,1569.076172,-1.649206,-0.719060,164.082094
1033583.0,2025-12-16T03:31:03.417812,2.653080,0.135163,0.001799,-0.012133,0.990748,-0.286666,-0.450912,8.419368,0.308363,0.322125,0.400426,5.741221,-7.958926,4.071382,137.756882,222.352310,1569.145508,-1.349761,-0.392156,164.467382
1033599.0,2025-12-16T03:31:03.417812,2.653080,0.133479,0.002257,-0.012322,0.990972,-0.391453,0.103571,6.202195,-0.009603,-0.017594,0.195434,5.741221,-7.958926,4.071382,137.756882,222.352310,1569.145508,-1.364954,-0.444753,164.662697
1033675.0,2025-12-16T03:31:03.480640,2.715908,0.136006,0.011254,-0.015181,0.990528,0.062534,-0.751136,5.013203,-0.272094,-0.260095,-0.019189,5.696155,-7.951779,4.349562,138.046158,221.949860,1569.358032,-1.548431,-1.514212,164.384035
1033692.0,2025-12-16T03:31:03.482885,2.718154,0.136362,0.013264,-0.010262,0.990517,0.085147,-0.569766,3.500577,-0.136414,-0.271181,-0.026751,5.677457,-7.942657,4.489707,138.178452,221.764984,1569.460815,-0.957921,-1.666128,164.336970
1033718.0,2025-12-16T03:31:03.483791,2.719059,0.136133,0.013615,-0.000215,0.990597,0.149290,-0.390168,4.243022,0.228025,-0.148396,0.020206,5.658026,-7.927789,4.630781,138.323334,221.562149,1569.577393,0.188059,-1.549010,164.347749
1033742.0,2025-12-16T03:31:03.597259,2.832527,0.136286,0.015907,0.003404,0.990536,0.335994,-0.327057,5.059345,0.298793,-0.177246,-0.016802,5.642893,-7.910926,4.777327,138.457626,221.373932,1569.689209,0.635160,-1.752712,164.322206
1033764.0,2025-12-16T03:31:03.597259,2.832527,0.136715,0.018558,0.007013,0.990412,0.673274,-0.265598,4.532736,0.344081,-0.231875,-0.043671,5.634484,-7.893795,4.913825,138.582016,221.199600,1569.796143,1.087366,-1.996777,164.262294
1033793.0,2025-12-16T03:31:03.597259,2.832527,0.136926,0.023131,0.011971,0.990239,0.993101,-0.189848,5.467099,0.493266,-0.337954,-0.005905,5.632986,-7.874218,5.058376,138.711975,221.017731,1569.911133,1.723171,-2.437608,164.217931
1033809.0,2025-12-16T03:31:03.604371,2.839640,0.135872,0.030060,0.015191,0.990154,1.324826,-0.250648,5.596747,0.366842,-0.608428,0.093621,5.638465,-7.854843,5.208658,138.839050,220.840408,1570.026855,2.195556,-3.175770,164.312128
1033855.0,2025-12-16T03:31:03.661665,2.896934,0.133644,0.035791,0.017322,0.990231,1.829109,0.104396,0.423075,0.361636,-0.840423,0.112650,5.638465,-7.854843,5.208658,138.839050,220.840408,1570.026855,2.520041,-3.798743,164.543718
1033873.0,2025-12-16T03:31:03.662982,2.898251,0.135362,0.040896,0.019003,0.989769,2.312517,-0.710596,1.446304,0.355131,-0.775220,0.094349,5.651780,-7.845677,5.359578,138.958939,220.673691,1570.139038,2.798875,-4.347787,164.318658
1033891.0,2025-12-16T03:31:03.662982,2.898251,0.134383,0.043415,0.021495,0.989745,2.383502,-0.960174,1.302353,0.200621,-0.808166,0.128247,5.669054,-7.847304,5.505469,139.070312,220.519302,1570.245972,3.117988,-4.597847,164.410598
1033916.0,2025-12-16T03:31:03.720532,2.955800,0.133242,0.045848,0.022069,0.989777,2.395897,-0.595525,-0.378309,0.106922,-0.825423,0.146535,5.669054,-7.847304,5.505469,139.070312,220.519302,1570.245972,3.216378,-4.868997,164.529334
1033934.0,2025-12-16T03:31:03.720532,2.955800,0.131689,0.046640,0.024253,0.989896,2.422252,-0.233536,-2.989765,0.314309,-0.627955,0.155415,5.669054,-7.847304,5.505469,139.070312,220.519302,1570.245972,3.469891,-4.930588,164.695027
1033955.0,2025-12-16T03:31:03.720532,2.955800,0.129938,0.045066,0.029484,0.990058,2.472842,-0.161783,-2.814833,0.572819,-0.375751,0.161338,5.688888,-7.850610,5.664314,139.193954,220.348419,1570.367554,4.032817,-4.679060,164.881309
1033979.0,2025-12-16T03:31:03.779236,3.014505,0.129530,0.043696,0.034359,0.990016,2.376060,-0.174319,-3.330758,0.668402,-0.172250,0.269249,5.707799,-7.852862,5.818063,139.319290,220.175735,1570.493774,4.565136,-4.451678,164.914443
1033998.0,2025-12-16T03:31:03.782368,3.017637,0.125350,0.037947,0.040610,0.990555,2.165622,-0.081365,-4.197876,0.652015,0.039205,0.384515,5.722421,-7.853797,5.950644,139.441925,220.007233,1570.619995,5.172679,-3.726602,165.407279
1034020.0,2025-12-16T03:31:03.957557,3.192826,0.120645,0.030425,0.044984,0.991209,2.114759,0.255810,-3.659342,0.545420,0.215452,0.438224,5.733664,-7.849846,6.076057,139.563660,219.840363,1570.747803,5.545474,-2.835066,165.983395
1034042.0,2025-12-16T03:31:03.961184,3.196452,0.116618,0.023856,0.047396,0.991758,1.988693,1.177427,-2.829681,0.562980,0.208342,0.361825,5.742789,-7.832069,6.216298,139.688232,219.670151,1570.881226,5.718480,-2.078202,166.483336
1034063.0,2025-12-16T03:31:04.017884,3.253152,0.113608,0.022740,0.054630,0.991762,1.700050,1.122163,-5.711199,0.675391,0.163079,0.252242,5.742789,-7.832069,6.216298,139.688232,219.670151,1570.881226,6.522132,-1.873481,166.823548
1034092.0,2025-12-16T03:31:04.017884,3.253152,0.110830,0.019269,0.061602,0.991741,1.509095,0.838789,-6.655033,0.642164,0.396488,0.239763,5.748044,-7.807666,6.351203,139.811630,219.502197,1571.016235,7.267086,-1.407566,167.157599
1034175.0,2025-12-16T03:31:04.017884,3.253152,0.096898,-0.004775,0.079074,0.992137,0.668868,1.766477,-6.595397,0.525377,0.683897,0.270330,5.743215,-7.711910,6.824228,140.183960,218.999237,1571.442261,8.976355,1.421033,168.955180
1034240.0,2025-12-16T03:31:04.079963,3.315232,0.091603,-0.019163,0.084613,0.992009,0.378220,1.789737,-6.326775,0.503660,0.412734,0.145437,5.719901,-7.616598,7.246536,140.443222,218.652557,1571.760498,9.473929,3.068049,169.702733
1034290.0,2025-12-16T03:31:04.082813,3.318081,0.091788,-0.022875,0.081744,0.992154,0.189005,3.118268,-5.412207,0.376005,0.321959,0.156840,5.690750,-7.504968,7.682130,140.667618,218.355179,1572.054077,9.107963,3.462566,169.704695
1034305.0,2025-12-16T03:31:04.084469,3.319737,0.090828,-0.025721,0.081084,0.992227,0.029613,3.617371,-5.771225,0.503519,0.343557,0.075747,5.668447,-7.414754,7.952710,140.806580,218.172668,1572.245361,9.008088,3.771148,169.836684
1034330.0,2025-12-16T03:31:04.134023,3.369291,0.091287,-0.027465,0.080205,0.992209,-0.041213,3.363368,-6.291545,0.489866,0.266834,-0.035096,5.644640,-7.327192,8.195153,140.938416,218.000885,1572.433472,8.888674,3.964873,169.795047
1034351.0,2025-12-16T03:31:04.142975,3.378244,0.091947,-0.028816,0.084340,0.991767,-0.038784,3.233512,-6.157482,0.379819,0.150857,-0.057075,5.619834,-7.244090,8.431465,141.071487,217.828751,1572.629883,9.347497,4.167218,169.747348
1034375.0,2025-12-16T03:31:04.142975,3.378244,0.093820,-0.028907,0.081048,0.991864,-0.154088,3.422990,-6.262557,0.254505,0.166444,0.009957,5.593979,-7.161809,8.662162,141.203323,217.659378,1572.830811,8.961048,4.160539,169.519161
1034404.0,2025-12-16T03:31:04.199742,3.435011,0.094086,-0.028522,0.075779,0.992266,-0.346916,3.886054,-4.326411,0.151750,0.097584,-0.012711,5.562715,-7.067036,8.926076,141.343552,217.480530,1573.051880,8.359578,4.063476,169.463956
1034429.0,2025-12-16T03:31:04.199742,3.435011,0.094657,-0.026523,0.068792,0.992776,-0.271591,3.732744,-4.387262,0.119299,-0.014131,-0.021012,5.523906,-6.950932,9.261782,141.510315,217.269684,1573.325439,7.576756,3.766205,169.356587
1034463.0,2025-12-16T03:31:04.262253,3.497521,0.094888,-0.025085,0.061277,0.993284,-0.100270,3.655826,-3.767574,0.077144,-0.008431,0.000689,5.489915,-6.842808,9.589373,141.672165,217.066971,1573.602417,6.730081,3.523737,169.293494
1034496.0,2025-12-16T03:31:04.262253,3.497521,0.097437,-0.022740,0.052318,0.993605,0.072965,3.578319,-3.399875,-0.024323,-0.057414,0.004568,5.459488,-6.732755,9.941957,141.842484,216.855804,1573.906250,5.721258,3.174906,168.957228
1034525.0,2025-12-16T03:31:04.316473,3.551741,0.097636,-0.021646,0.042983,0.994058,0.133318,3.410113,-2.561838,0.064916,-0.013026,0.004995,5.429354,-6.615086,10.349200,142.033783,216.621307,1574.262695,4.665374,2.947904,168.900977
1034567.0,2025-12-16T03:31:04.380828,3.616097,0.096626,-0.020920,0.032899,0.994557,0.215027,3.131811,-2.322494,0.021348,-0.012464,0.073116,5.401861,-6.507715,10.761329,142.223557,216.391388,1574.632568,3.524045,2.749583,168.986263
1034596.0,2025-12-16T03:31:04.380828,3.616097,0.098852,-0.019974,0.024192,0.994607,0.297826,3.195606,-2.885485,0.031024,0.011650,0.050860,5.377232,-6.406063,11.155541,142.412506,216.165024,1575.016724,2.534344,2.551369,168.704658
1034633.0,2025-12-16T03:31:04.440239,3.675508,0.098444,-0.021009,0.013696,0.994827,0.320496,2.912071,-2.663942,-0.040174,0.056976,0.035714,5.355632,-6.315249,11.511847,142.590485,215.954071,1575.392578,1.325740,2.550292,168.726818
1034661.0,2025-12-16T03:31:04.440239,3.675508,0.097971,-0.022249,0.002685,0.994937,0.226287,2.736800,-2.230782,-0.074946,0.079039,0.038994,5.332888,-6.233683,11.867361,142.767288,215.746490,1575.779297,0.056419,2.567629,168.753771
1034707.0,2025-12-16T03:31:04.500622,3.735890,0.099778,-0.022448,-0.009382,0.994712,0.115539,2.383581,-1.647640,-0.212687,0.049882,0.053098,5.305202,-6.157593,12.250957,142.954269,215.528687,1576.203247,-1.327370,2.452181,168.515380
1034737.0,2025-12-16T03:31:04.500622,3.735890,0.098555,-0.022613,-0.021359,0.994645,-0.106147,2.301315,-0.552239,-0.171215,0.072170,0.087644,5.275167,-6.096798,12.612666,143.122009,215.334412,1576.597412,-2.693041,2.336835,168.627609
1034765.0,2025-12-16T03:31:04.561091,3.796360,0.096912,-0.022042,-0.032071,0.994532,-0.196409,2.072732,0.497698,-0.082669,0.057638,0.116005,5.239898,-6.040716,13.003998,143.291656,215.138580,1577.010742,-3.905582,2.156333,168.795288
1034809.0,2025-12-16T03:31:04.618555,3.853823,0.098326,-0.020503,-0.040493,0.994119,-0.187173,1.858569,0.541056,-0.100828,-0.016722,0.093106,5.202531,-5.990826,13.413784,143.465530,214.938248,1577.450562,-4.852319,1.879794,168.623089
1034828.0,2025-12-16T03:31:04.618555,3.853823,0.097011,-0.017868,-0.052458,0.993739,-0.141529,1.591195,0.163932,-0.106047,-0.056546,0.086524,5.165260,-5.948012,13.818582,143.643784,214.732971,1577.918823,-6.186286,1.451661,168.770216
1034870.0,2025-12-16T03:31:04.678621,3.913889,0.098843,-0.015918,-0.060191,0.993154,-0.109095,1.423296,0.087679,-0.043059,-0.037689,0.053244,5.129937,-5.913175,14.200432,143.819458,214.530579,1578.396973,-7.049601,1.129886,168.563217
1034908.0,2025-12-16T03:31:04.681904,3.917172,0.098018,-0.013151,-0.072128,0.992480,-0.067257,1.097166,0.077790,-0.059512,-0.059701,0.052350,5.093588,-5.884724,14.596809,144.007324,214.313782,1578.926147,-8.381314,0.685504,168.669238
1034936.0,2025-12-16T03:31:04.730281,3.965549,0.096815,-0.011003,-0.084529,0.991645,-0.004277,1.236752,-0.604656,-0.073320,-0.060845,0.067827,5.058959,-5.859244,14.972699,144.196564,214.094879,1579.477295,-9.774972,0.312524,168.820972
1034982.0,2025-12-16T03:31:04.798175,4.033443,0.096032,-0.010789,-0.085098,0.991675,-0.006169,1.135288,-0.367098,0.039655,-0.004417,0.078837,5.027070,-5.834054,15.313385,144.376907,213.885803,1580.018799,-9.837432,0.289602,168.912779
1035009.0,2025-12-16T03:31:04.798175,4.033443,0.094636,-0.009777,-0.086851,0.991668,-0.040288,0.968306,-0.140969,0.025026,-0.041530,0.074787,4.993739,-5.812794,15.661400,144.561905,213.670792,1580.590698,-10.026673,0.169174,169.082592
1035050.0,2025-12-16T03:31:04.861629,4.096898,0.092893,-0.007567,-0.090584,0.991518,-0.039368,0.890900,-0.216684,-0.080203,-0.118358,0.087760,4.960692,-5.796036,15.993833,144.742279,213.460434,1581.164307,-10.430182,-0.104472,169.305009
1035089.0,2025-12-16T03:31:04.861629,4.096898,0.092326,-0.005206,-0.093353,0.991329,0.017924,0.919430,-0.553846,-0.094815,-0.148414,0.041567,4.931351,-5.781085,16.284029,144.907852,213.266663,1581.704590,-10.722558,-0.396315,169.395604
1035117.0,2025-12-16T03:31:04.916148,4.151417,0.091733,-0.002753,-0.097002,0.991044,0.063261,0.917540,-0.902535,-0.090584,-0.152350,0.021667,4.904242,-5.765633,16.550154,145.070328,213.075928,1582.246948,-11.115377,-0.707019,169.492118
1035157.0,2025-12-16T03:31:04.978967,4.214235,0.091036,-0.001006,-0.100266,0.990787,0.139557,0.803454,-1.383971,-0.069594,-0.122291,0.028894,4.879174,-5.751766,16.794842,145.232346,212.885193,1582.799194,-11.472240,-0.931845,169.594092
1035184.0,2025-12-16T03:31:04.978967,4.214235,0.090943,0.000913,-0.103719,0.990440,0.166249,0.783045,-1.519180,-0.133904,-0.128179,0.024089,4.855443,-5.739557,17.025440,145.396500,212.691406,1583.369507,-11.848983,-1.184532,169.630501
1035219.0,2025-12-16T03:31:05.032883,4.268151,0.091123,0.001695,-0.108261,0.989936,0.088056,0.809340,-1.686121,-0.155712,-0.062293,-0.018992,4.831564,-5.727242,17.237461,145.555573,212.503098,1583.932129,-12.362214,-1.322829,169.624774
1035246.0,2025-12-16T03:31:05.043519,4.278788,0.091238,0.002514,-0.113448,0.989343,0.091052,0.423353,-0.685919,-0.179774,-0.073084,-0.016939,4.805292,-5.719997,17.466312,145.721863,212.305573,1584.531006,-12.949520,-1.471314,169.629113
1035289.0,2025-12-16T03:31:05.100632,4.335900,0.091504,0.004133,-0.117986,0.988782,0.135545,0.293461,-0.729662,-0.227999,-0.122228,-0.000474,4.781330,-5.720888,17.690218,145.878189,212.119003,1585.104248,-13.454362,-1.705680,169.626741
1035317.0,2025-12-16T03:31:05.100632,4.335900,0.091489,0.004431,-0.123567,0.988100,0.147898,0.159548,-0.976085,-0.260300,-0.108656,-0.020353,4.759686,-5.725095,17.889908,146.024780,211.943146,1585.650879,-14.093393,-1.797410,169.642290
1035346.0,2025-12-16T03:31:05.161181,4.396450,0.091781,0.004090,-0.128100,0.987497,0.259099,-0.229867,-0.290847,-0.321785,-0.111311,-0.043141,4.738649,-5.737208,18.102554,146.180344,211.755417,1586.240356,-14.617864,-1.810413,169.612200
1035380.0,2025-12-16T03:31:05.162579,4.397847,0.094618,0.004660,-0.133858,0.986462,0.249362,-0.503358,-0.058794,-0.327146,-0.120047,-0.055262,4.721735,-5.756264,18.294802,146.315445,211.591278,1586.760132,-15.269969,-1.978532,169.307517
1035407.0,2025-12-16T03:31:05.220098,4.455366,0.095196,0.002513,-0.130524,0.986861,0.154839,-0.534818,-0.021837,-0.293215,-0.094457,-0.073647,4.703372,-5.778642,18.484741,146.449860,211.426773,1587.284668,-14.907163,-1.708310,169.203701
1035432.0,2025-12-16T03:31:05.222112,4.457380,0.096576,0.000764,-0.125216,0.987418,0.116398,-0.482361,-0.055777,-0.188570,-0.072194,-0.118679,4.682198,-5.800733,18.677647,146.590164,211.253677,1587.840210,-14.312818,-1.472394,169.012629
1035475.0,2025-12-16T03:31:05.278345,4.513613,0.100279,0.001161,-0.126634,0.986867,0.293777,-0.693365,0.566697,-0.102341,-0.099806,-0.116942,4.659826,-5.827978,18.905792,146.753876,211.049896,1588.498901,-14.465973,-1.586682,168.597170
1035507.0,2025-12-16T03:31:05.281497,4.516765,0.100887,-0.001718,-0.119803,0.987657,0.322466,-0.619412,1.334197,-0.070952,-0.169186,-0.093289,4.641017,-5.856048,19.148718,146.916641,210.845413,1589.164917,-13.712240,-1.190651,168.478391
1035537.0,2025-12-16T03:31:05.340744,4.576012,0.101527,-0.004843,-0.114603,0.988198,0.370891,-0.460609,0.858094,-0.064033,-0.225568,-0.114872,4.624827,-5.876954,19.369366,147.066162,210.656082,1589.786499,-13.150266,-0.784913,168.358610
1035573.0,2025-12-16T03:31:05.398759,4.634027,0.105471,-0.002265,-0.118279,0.987360,0.474958,-0.546728,1.187498,-0.143889,-0.254672,-0.141402,4.611199,-5.895246,19.576422,147.212540,210.469498,1590.403809,-13.538332,-1.173358,167.944700
1035599.0,2025-12-16T03:31:05.398759,4.634027,0.105881,-0.004974,-0.117552,0.987394,0.440771,-0.368255,0.683142,-0.190954,-0.347118,-0.130742,4.599589,-5.909767,19.757364,147.346237,210.298141,1590.974731,-13.486743,-0.863501,167.860957
1035624.0,2025-12-16T03:31:05.398759,4.634027,0.106510,-0.007901,-0.116996,0.987373,0.490987,-0.298189,0.036469,-0.160396,-0.331166,-0.151031,4.588913,-5.919216,19.904875,147.469940,210.138885,1591.508667,-13.457940,-0.533955,167.749388
1035657.0,2025-12-16T03:31:05.461364,4.696633,0.107839,-0.010895,-0.114705,0.987469,0.493481,-0.381079,-0.057308,-0.127387,-0.290661,-0.186420,4.578007,-5.928873,20.048374,147.603134,209.966721,1592.089233,-13.231549,-0.184663,167.556571
1035685.0,2025-12-16T03:31:05.461735,4.697004,0.111318,-0.008865,-0.117343,0.986793,0.654089,-0.467791,-0.767712,-0.146800,-0.312091,-0.200993,4.569592,-5.939807,20.170906,147.731186,209.800583,1592.652222,-13.507277,-0.494408,167.186097
1035706.0,2025-12-16T03:31:05.512762,4.748030,0.112903,-0.013675,-0.116851,0.986616,0.719142,-0.252703,-1.135275,-0.120493,-0.216264,-0.208575,4.564071,-5.948286,20.274614,147.859344,209.633774,1593.219727,-13.512778,0.034286,166.939472
1035741.0,2025-12-16T03:31:05.512762,4.748030,0.114318,-0.020181,-0.115778,0.986468,0.691648,-0.261107,-0.375867,-0.066610,-0.114955,-0.182510,4.558625,-5.953424,20.383415,147.991867,209.460876,1593.810425,-13.477207,0.764665,166.689007
1035773.0,2025-12-16T03:31:05.579536,4.814804,0.117988,-0.021284,-0.118378,0.985704,0.664904,-0.156184,-0.665651,-0.097171,-0.080948,-0.184678,4.551025,-5.957015,20.512707,148.146286,209.258972,1594.503662,-13.793159,0.803581,166.251240
1035811.0,2025-12-16T03:31:05.579536,4.814804,0.119615,-0.028889,-0.116722,0.985512,0.574776,-0.306175,-0.699260,-0.119873,-0.061050,-0.183023,4.541807,-5.960357,20.623436,148.290497,209.069962,1595.156006,-13.713783,1.662801,165.959309
1035837.0,2025-12-16T03:31:05.700516,4.935784,0.121247,-0.035305,-0.114718,0.985339,0.461190,-0.375391,-0.438655,-0.172355,-0.099479,-0.187790,4.529225,-5.966382,20.732590,148.434052,208.881210,1595.810547,-13.582104,2.393148,165.684878
1035871.0,2025-12-16T03:31:05.700516,4.935784,0.125172,-0.035578,-0.118373,0.984405,0.524832,-0.481239,-0.939855,-0.218173,-0.135241,-0.196616,4.516163,-5.974103,20.829998,148.572510,208.698441,1596.446777,-14.014032,2.316097,165.222157
1035898.0,2025-12-16T03:31:05.755607,4.990875,0.126940,-0.040189,-0.116135,0.984268,0.453078,-0.537667,-0.713684,-0.237654,-0.116622,-0.208019,4.503538,-5.983039,20.914577,148.703568,208.524704,1597.053345,-13.834207,2.844714,164.957201
1035931.0,2025-12-16T03:31:05.760675,4.995944,0.129303,-0.044842,-0.114734,0.983924,0.393547,-0.449277,-0.810039,-0.283819,-0.119554,-0.256764,4.489112,-5.990716,20.996347,148.832733,208.352722,1597.655273,-13.755810,3.357819,164.621489
1035954.0,2025-12-16T03:31:05.761435,4.996703,0.131731,-0.048871,-0.112881,0.983624,0.364985,-0.575960,-0.290347,-0.286693,-0.104697,-0.267605,4.474190,-5.997890,21.076300,148.954941,208.189255,1598.228882,-13.618771,3.807272,164.289379
1035987.0,2025-12-16T03:31:05.763368,4.998637,0.136953,-0.049103,-0.115866,0.982552,0.306059,-0.822303,0.130083,-0.253273,-0.071926,-0.301212,4.458138,-6.009389,21.165155,149.076279,208.026154,1598.802612,-13.983647,3.712846,163.674365
1036009.0,2025-12-16T03:31:05.821134,5.056402,0.140478,-0.051279,-0.113086,0.982267,0.321134,-0.978782,0.165611,-0.291946,-0.119457,-0.338961,4.441177,-6.025853,21.258343,149.199554,207.859451,1599.390259,-13.717340,3.954684,163.246337
1036036.0,2025-12-16T03:31:05.822998,5.058267,0.144349,-0.053823,-0.110497,0.981864,0.352303,-0.911365,-0.039435,-0.279516,-0.102076,-0.384085,4.425863,-6.041687,21.340309,149.314835,207.702560,1599.944092,-13.483240,4.231840,162.772657
1036063.0,2025-12-16T03:31:05.879683,5.114952,0.148355,-0.056283,-0.107150,0.981500,0.316538,-1.097615,0.464861,-0.250938,-0.081817,-0.375935,4.409838,-6.058980,21.426376,149.434601,207.538528,1600.523804,-13.164128,4.513354,162.288382
1036089.0,2025-12-16T03:31:05.881700,5.116968,0.152011,-0.056118,-0.107195,0.980945,0.341877,-1.137799,0.684387,-0.195785,-0.131726,-0.328110,4.394308,-6.077719,21.515114,149.549316,207.380386,1601.083374,-13.182429,4.445360,161.868633
1036119.0,2025-12-16T03:31:05.931787,5.167055,0.154893,-0.057811,-0.102120,0.980937,0.440165,-1.278338,0.318528,-0.111022,-0.143790,-0.291693,4.379747,-6.098830,21.602282,149.668701,207.214706,1601.670044,-12.649663,4.691000,161.533551
1036147.0,2025-12-16T03:31:05.931787,5.167055,0.157465,-0.060099,-0.096261,0.980982,0.538884,-1.350891,-0.101457,-0.127231,-0.160228,-0.235426,4.364954,-6.127110,21.692142,149.815659,207.009232,1602.397705,-12.039664,5.025373,161.231275
1036182.0,2025-12-16T03:31:05.999855,5.235123,0.161030,-0.060425,-0.096322,0.980378,0.570537,-1.346923,0.496724,-0.177791,-0.154168,-0.224056,4.352048,-6.155336,21.780916,149.963623,206.800735,1603.135620,-12.071159,5.017387,160.813744
1036216.0,2025-12-16T03:31:05.999855,5.235123,0.161861,-0.062673,-0.090677,0.980638,0.577647,-1.309086,0.385306,-0.071461,-0.173742,-0.137675,4.341438,-6.177712,21.859816,150.089691,206.621887,1603.768555,-11.478768,5.368709,160.714897
1036243.0,2025-12-16T03:31:06.061065,5.296334,0.160500,-0.065456,-0.084049,0.981270,0.705808,-1.283437,-0.002052,-0.025264,-0.189032,0.009275,4.331848,-6.199831,21.933582,150.226181,206.427109,1604.457642,-10.773426,5.824388,160.871859
1036278.0,2025-12-16T03:31:06.061065,5.296334,0.159354,-0.065325,-0.083585,0.981505,0.741261,-0.709215,-0.088661,-0.038803,-0.199764,0.065905,4.324055,-6.212336,22.000132,150.371689,206.218460,1605.196167,-10.711242,5.831028,161.009120
1036312.0,2025-12-16T03:31:06.113290,5.348558,0.158321,-0.070915,-0.078849,0.981676,0.702601,-0.542640,-0.015146,0.009464,-0.186717,-0.018411,4.315819,-6.211657,22.062855,150.518570,206.007263,1605.945190,-10.278480,6.561188,161.086140
1036347.0,2025-12-16T03:31:06.121311,5.356580,0.156719,-0.076311,-0.072061,0.982050,0.736748,-0.655647,-0.280932,0.051251,-0.176770,0.015160,4.306697,-6.209213,22.121237,150.673798,205.783646,1606.740601,-9.602487,7.313386,161.250908
1036383.0,2025-12-16T03:31:06.180942,5.416210,0.154859,-0.075779,-0.071414,0.982434,0.805812,-0.419364,-0.285267,0.027078,-0.202482,0.118293,4.299510,-6.204180,22.167704,150.819992,205.572784,1607.492920,-9.504318,7.283373,161.478245
1036416.0,2025-12-16T03:31:06.180942,5.416210,0.153161,-0.082351,-0.073134,0.982045,0.676754,-0.112846,-0.617548,-0.076364,-0.232174,0.025402,4.290741,-6.189108,22.205853,150.970490,205.355652,1608.270386,-9.818679,8.009779,161.581869
1036450.0,2025-12-16T03:31:06.240451,5.475719,0.153747,-0.089411,-0.075729,0.981138,0.600334,-0.137781,-0.540033,-0.136053,-0.191143,-0.113549,4.278471,-6.169353,22.235176,151.117065,205.144257,1609.030518,-10.263155,8.752284,161.400523
1036488.0,2025-12-16T03:31:06.301124,5.536393,0.155435,-0.088814,-0.077145,0.980816,0.680942,-0.711674,-0.655625,-0.169776,-0.218962,-0.153323,4.265871,-6.159178,22.260822,151.265732,204.929749,1609.804688,-10.427623,8.640773,161.199956
1036518.0,2025-12-16T03:31:06.301124,5.536393,0.155244,-0.092171,-0.075181,0.980689,0.699791,-0.789141,-0.652437,-0.216714,-0.247501,-0.097810,4.256569,-6.159552,22.278143,151.390228,204.749802,1610.455322,-10.270819,9.058318,161.193525
1036542.0,2025-12-16T03:31:06.360451,5.595719,0.155372,-0.096347,-0.072792,0.980448,0.635587,-0.695248,-0.233232,-0.169287,-0.195812,-0.112653,4.246592,-6.159153,22.298895,151.512833,204.572174,1611.098022,-10.085400,9.573185,161.143706
1036578.0,2025-12-16T03:31:06.362645,5.597914,0.156261,-0.097059,-0.072221,0.980279,0.672492,-1.023809,0.064730,-0.118645,-0.150465,-0.104820,4.235622,-6.161632,22.328573,151.640564,204.386642,1611.770020,-10.043508,9.655233,161.035516
1036606.0,2025-12-16T03:31:06.477828,5.713096,0.155548,-0.100886,-0.068534,0.980270,0.634167,-1.059315,0.822708,-0.169098,-0.194290,-0.059502,4.223837,-6.169226,22.373369,151.775421,204.190063,1612.482666,-9.694341,10.164187,161.102918
1036639.0,2025-12-16T03:31:06.482673,5.717942,0.155448,-0.104776,-0.066761,0.980000,0.709207,-0.767162,-0.607597,-0.221634,-0.233757,-0.106540,4.212942,-6.171903,22.403084,151.904449,204.001328,1613.167480,-9.571818,10.638156,161.080353
1036669.0,2025-12-16T03:31:06.482673,5.717942,0.156040,-0.105423,-0.066577,0.979849,0.719044,-0.919290,-0.383600,-0.174445,-0.152208,-0.156349,4.203226,-6.171837,22.411890,152.032440,203.813614,1613.848999,-9.570901,10.708989,161.004228
1036699.0,2025-12-16T03:31:06.484684,5.719953,0.156367,-0.102870,-0.067612,0.979998,0.733842,-1.111996,0.199907,-0.106034,-0.247656,-0.063204,4.192590,-6.176764,22.432272,152.174911,203.604080,1614.609985,-9.639005,10.397682,160.989670
1036735.0,2025-12-16T03:31:06.538697,5.773966,0.156942,-0.100224,-0.070349,0.979987,0.996683,-0.591366,-1.666720,-0.168285,-0.291752,-0.087395,4.186502,-6.175463,22.428417,152.313293,203.400085,1615.350830,-9.902649,10.041152,160.930921
1036767.0,2025-12-16T03:31:06.542393,5.777662,0.158168,-0.100634,-0.071374,0.979674,1.109021,-0.767787,-1.450931,-0.196961,-0.216636,-0.208101,4.186227,-6.169045,22.400270,152.432434,203.224442,1615.988647,-10.041321,10.055265,160.771836
1036793.0,2025-12-16T03:31:06.596408,5.831677,0.160526,-0.103588,-0.070257,0.979063,1.061999,-1.258518,-0.625997,-0.248805,-0.260212,-0.290569,4.186518,-6.171522,22.385504,152.550537,203.050354,1616.620361,-10.001557,10.386183,160.466070
1036819.0,2025-12-16T03:31:06.596408,5.831677,0.161330,-0.106860,-0.067558,0.978769,1.132683,-1.582856,-1.163219,-0.190109,-0.172813,-0.172214,4.186783,-6.183726,22.374197,152.659714,202.889252,1617.203979,-9.772258,10.800193,160.354320
1036847.0,2025-12-16T03:31:06.661371,5.896640,0.160937,-0.110636,-0.064072,0.978649,1.053629,-1.409889,-0.698677,-0.158977,-0.190056,-0.081458,4.186587,-6.199276,22.358278,152.786514,202.701721,1617.881348,-9.450817,11.298794,160.385789
1036882.0,2025-12-16T03:31:06.661371,5.896640,0.159776,-0.112270,-0.062718,0.978741,1.180770,-1.301479,-1.312333,-0.165260,-0.138804,-0.091180,4.186692,-6.210907,22.335903,152.928619,202.491104,1618.639893,-9.317625,11.520859,160.514936
1036916.0,2025-12-16T03:31:06.777114,6.012383,0.160578,-0.118302,-0.059808,0.978081,1.054746,-1.176431,-0.609343,-0.176313,-0.133550,-0.152659,4.186299,-6.217838,22.312187,153.075256,202.273438,1619.421875,-9.125646,12.251929,160.371610
1036949.0,2025-12-16T03:31:06.777114,6.012383,0.161433,-0.123534,-0.055636,0.977539,0.995342,-1.422958,-0.674804,-0.154040,-0.114497,-0.157910,4.182362,-6.225649,22.297672,153.217407,202.062057,1620.179688,-8.772828,12.917925,160.250221
1036985.0,2025-12-16T03:31:06.777114,6.012383,0.160403,-0.125181,-0.052746,0.977660,0.913573,-1.235837,-0.244622,-0.138357,-0.137845,-0.108071,4.175314,-6.233912,22.286247,153.367386,201.838470,1620.979736,-8.462639,13.170386,160.386504
1037019.0,2025-12-16T03:31:06.777114,6.012383,0.160572,-0.130278,-0.047376,0.977241,0.778150,-1.268397,-0.137225,-0.106574,-0.100341,-0.111683,4.164690,-6.238231,22.281904,153.509583,201.625824,1621.739624,-7.958772,13.851756,160.369714
1037053.0,2025-12-16T03:31:06.840762,6.076030,0.159842,-0.133611,-0.041641,0.977172,0.653490,-1.329386,0.447239,-0.105344,-0.173368,-0.062889,4.149586,-6.243231,22.286499,153.650864,201.413742,1622.496948,-7.359230,14.347935,160.492533
1037088.0,2025-12-16T03:31:06.900821,6.136090,0.157593,-0.133260,-0.038305,0.977721,0.811422,-0.906803,-0.695090,-0.080683,-0.230938,-0.021945,4.135363,-6.241443,22.279360,153.787628,201.207657,1623.232544,-6.932019,14.389309,160.811097
1037121.0,2025-12-16T03:31:06.900821,6.136090,0.157652,-0.137468,-0.033696,0.977299,0.847910,-0.960233,-0.923642,-0.098221,-0.202129,-0.103499,4.123487,-6.232542,22.245903,153.932205,200.989304,1624.011963,-6.490351,14.955628,160.819855
1037156.0,2025-12-16T03:31:06.960109,6.195378,0.158111,-0.140569,-0.029731,0.976912,0.777509,-0.976641,-0.513042,-0.126755,-0.254048,-0.134152,4.111211,-6.224541,22.214643,154.072159,200.777588,1624.767578,-6.104953,15.381535,160.787824
1037190.0,2025-12-16T03:31:06.961806,6.197074,0.156503,-0.141210,-0.025646,0.977194,0.856478,-1.123673,-1.247673,-0.036892,-0.116203,-0.075656,4.100629,-6.219573,22.181644,154.192444,200.595306,1625.417847,-5.618370,15.542453,161.034761
1037223.0,2025-12-16T03:31:07.080791,6.316059,0.156022,-0.145671,-0.020322,0.976741,0.748000,-0.974656,-0.635032,-0.083603,-0.157236,-0.067313,4.087596,-6.213166,22.139406,154.332840,200.382126,1626.177856,-5.086185,16.154272,161.126525
1037255.0,2025-12-16T03:31:07.080791,6.316059,0.154712,-0.150425,-0.014870,0.976328,0.748180,-0.915483,-1.041068,-0.074473,-0.123794,-0.011938,4.073286,-6.203189,22.100927,154.466507,200.178757,1626.902466,-4.528349,16.805739,161.321961
1037291.0,2025-12-16T03:31:07.082454,6.317723,0.152343,-0.152109,-0.010909,0.976491,0.762799,-0.781769,-1.101222,-0.101750,-0.096378,-0.031863,4.058493,-6.189094,22.051405,154.605652,199.966705,1627.657959,-4.058317,17.082166,161.655715
1037325.0,2025-12-16T03:31:07.141647,6.376915,0.151010,-0.158277,-0.005789,0.975762,0.657670,-0.675842,-1.079780,-0.081724,-0.081039,-0.009782,4.042079,-6.170618,21.999849,154.744446,199.754944,1628.412720,-3.560420,17.886507,161.844805
1037359.0,2025-12-16T03:31:07.143427,6.378695,0.150794,-0.167133,-0.001630,0.974333,0.534522,-0.442870,-0.880804,-0.080735,0.017708,-0.067817,4.021231,-6.145542,21.949266,154.886566,199.537872,1629.187378,-3.248149,18.977343,161.861629
1037396.0,2025-12-16T03:31:07.197884,6.433153,0.152658,-0.167971,-0.003560,0.973893,0.594336,-0.643321,-1.173850,-0.132451,-0.002562,-0.151227,3.999161,-6.119583,21.895182,155.029190,199.319748,1629.967041,-3.530761,19.031338,161.590712
1037423.0,2025-12-16T03:31:07.197884,6.433153,0.153975,-0.169822,-0.004233,0.973362,0.547829,-0.826513,-0.774478,-0.116654,0.023070,-0.121137,3.979335,-6.101917,21.846418,155.158524,199.121628,1630.676147,-3.675985,19.225869,161.399031
1037457.0,2025-12-16T03:31:07.260412,6.495680,0.154328,-0.170251,-0.005394,0.973226,0.404859,-0.954108,0.338141,-0.147864,-0.064734,-0.066578,3.955905,-6.088554,21.819605,155.291031,198.918060,1631.405273,-3.829240,19.251840,161.329156
1037491.0,2025-12-16T03:31:07.263572,6.498840,0.154069,-0.169341,-0.007636,0.973410,0.578075,-0.863979,-0.401142,-0.184136,-0.113263,-0.050329,3.933231,-6.075516,21.797182,155.422150,198.715881,1632.130249,-4.068898,19.106461,161.326839
1037525.0,2025-12-16T03:31:07.314722,6.549990,0.155313,-0.170108,-0.009787,0.973060,0.523886,-0.720556,-0.206607,-0.177651,-0.067161,-0.121932,3.911730,-6.057592,21.762564,155.558228,198.505432,1632.885742,-4.364259,19.148045,161.126211
1037560.0,2025-12-16T03:31:07.440009,6.675277,0.157565,-0.170051,-0.012092,0.972682,0.472268,-0.950392,0.067159,-0.168238,-0.055289,-0.200354,3.889285,-6.041410,21.735062,155.689194,198.302322,1633.615967,-4.680428,19.086839,160.809868
1037588.0,2025-12-16T03:31:07.440009,6.675277,0.160562,-0.170265,-0.012946,0.972143,0.329846,-1.100974,0.651621,-0.109225,-0.060930,-0.241988,3.866131,-6.032138,21.721323,155.807449,198.118225,1634.278564,-4.846609,19.079969,160.428006
1037619.0,2025-12-16T03:31:07.440009,6.675277,0.164262,-0.169575,-0.013559,0.971637,0.298417,-1.201679,0.643932,-0.080923,-0.110191,-0.285079,3.840505,-6.026236,21.714405,155.925262,197.933884,1634.942627,-4.977823,18.970244,159.976801
1037653.0,2025-12-16T03:31:07.440009,6.675277,0.167851,-0.168369,-0.014475,0.971220,0.483243,-1.347370,-0.036604,-0.092996,-0.154938,-0.291342,3.818418,-6.023705,21.696177,156.037231,197.757736,1635.577271,-5.129395,18.795290,159.539982
1037682.0,2025-12-16T03:31:07.440009,6.675277,0.171017,-0.166661,-0.015549,0.970946,0.644779,-1.403234,-0.551598,-0.082680,-0.154234,-0.262807,3.800557,-6.023557,21.657417,156.154449,197.572372,1636.244263,-5.277668,18.561328,159.158381
1037708.0,2025-12-16T03:31:07.495199,6.730467,0.173873,-0.165857,-0.016573,0.970559,0.769055,-1.407556,-1.062484,-0.104681,-0.138533,-0.236586,3.787448,-6.023738,21.603727,156.267746,197.392487,1636.890259,-5.434397,18.432378,158.804304
1037742.0,2025-12-16T03:31:07.561913,6.797182,0.177310,-0.165681,-0.018556,0.969931,0.805755,-1.574915,-1.053275,-0.159569,-0.103134,-0.262496,3.775467,-6.026051,21.535261,156.392914,197.193069,1637.604248,-5.729182,18.349786,158.354517
1037777.0,2025-12-16T03:31:07.561913,6.797182,0.179621,-0.165396,-0.020191,0.969522,0.812990,-1.578347,-0.994360,-0.157117,-0.076579,-0.229404,3.765488,-6.029903,21.475645,156.502396,197.018051,1638.228638,-5.958055,18.267633,158.049194
1037804.0,2025-12-16T03:31:07.615293,6.850562,0.182740,-0.166073,-0.022068,0.968782,0.825342,-1.672717,-1.061351,-0.174797,-0.048240,-0.265438,3.755379,-6.034667,21.413523,156.614975,196.837448,1638.870728,-6.255059,18.283097,157.628243
1037831.0,2025-12-16T03:31:07.680706,6.915974,0.185490,-0.167024,-0.023395,0.968065,0.837430,-1.789976,-1.159777,-0.150173,-0.021320,-0.241276,3.745795,-6.041670,21.350277,156.724152,196.661682,1639.493164,-6.488244,18.342760,157.257485
1037865.0,2025-12-16T03:31:07.740607,6.975875,0.187624,-0.167547,-0.025249,0.967516,0.771765,-1.990637,-1.057806,-0.185984,-0.023896,-0.216646,3.735010,-6.052837,21.284653,156.836456,196.480118,1640.133179,-6.760027,18.344797,156.957729
1037891.0,2025-12-16T03:31:07.740607,6.975875,0.189319,-0.168234,-0.027039,0.967018,0.597893,-1.989952,-0.209683,-0.189600,-0.043332,-0.168024,3.720185,-6.066500,21.230930,156.951767,196.292679,1640.790771,-7.020360,18.368823,156.709422
1037925.0,2025-12-16T03:31:07.742831,6.978099,0.191385,-0.167555,-0.028277,0.966694,0.546117,-1.792832,0.005588,-0.128230,-0.118033,-0.169127,3.699652,-6.077414,21.187506,157.081009,196.081161,1641.529663,-7.186358,18.247710,156.447337
1037996.0,2025-12-16T03:31:07.801343,7.036611,0.193498,-0.164159,-0.021604,0.967028,0.851899,-1.959978,-0.761805,-0.040513,-0.340169,-0.148656,3.668528,-6.093427,21.071545,157.331772,195.666840,1642.968628,-6.357793,18.006974,156.361264
1038022.0,2025-12-16T03:31:07.801343,7.036611,0.193811,-0.162814,-0.017088,0.967283,0.944978,-1.809400,-0.692097,-0.049475,-0.450793,-0.139709,3.661003,-6.099715,21.017103,157.434097,195.496613,1643.556274,-5.802149,17.959837,156.422109
1038049.0,2025-12-16T03:31:07.916958,7.152226,0.193890,-0.160694,-0.013324,0.967681,1.138340,-1.928816,-1.203134,-0.055098,-0.538923,-0.120026,3.657562,-6.104574,20.960875,157.528366,195.339417,1644.096924,-5.309493,17.808337,156.507395
1038079.0,2025-12-16T03:31:07.916958,7.152226,0.191904,-0.156488,-0.008731,0.968818,1.457388,-2.134846,-1.926203,-0.033287,-0.510751,-0.054826,3.660344,-6.112828,20.890545,157.620300,195.185928,1644.622681,-4.628389,17.449570,156.880991
1038100.0,2025-12-16T03:31:07.916958,7.152226,0.190345,-0.156793,-0.005538,0.969099,1.677478,-2.044996,-2.632118,-0.118503,-0.418433,0.007205,3.670665,-6.123133,20.790798,157.724854,195.011429,1645.217163,-4.236145,17.565054,157.120696
1038130.0,2025-12-16T03:31:07.924796,7.160064,0.187284,-0.159281,-0.003469,0.969300,1.724303,-2.234411,-2.868292,-0.252757,-0.278275,0.094724,3.684268,-6.134163,20.677563,157.830536,194.835312,1645.812988,-4.000537,17.907638,157.498107
1038165.0,2025-12-16T03:31:07.980737,7.216006,0.181856,-0.159821,-0.001170,0.970249,1.733138,-2.148115,-2.231704,-0.318309,-0.220950,0.158659,3.697480,-6.145408,20.575169,157.932190,194.666214,1646.381104,-3.641986,18.041591,158.189782
1038185.0,2025-12-16T03:31:07.980737,7.216006,0.177843,-0.163600,-0.000675,0.970364,1.659975,-1.982695,-1.561176,-0.348194,-0.239401,0.144612,3.710098,-6.153038,20.484756,158.041748,194.484314,1646.988403,-3.597140,18.497502,158.642843
1038218.0,2025-12-16T03:31:07.980737,7.216006,0.175491,-0.168119,-0.000298,0.970020,1.603865,-1.887124,-1.631380,-0.343458,-0.189812,0.025930,3.720314,-6.156193,20.402525,158.152649,194.300598,1647.598633,-3.613681,19.029363,158.884679
1038246.0,2025-12-16T03:31:08.039721,7.274989,0.175902,-0.172832,0.000281,0.969117,1.507381,-1.851902,-1.514176,-0.308587,-0.147158,-0.164869,3.727401,-6.156794,20.324753,158.258728,194.125229,1648.178711,-3.666928,19.577822,158.791882
1038281.0,2025-12-16T03:31:08.100489,7.335757,0.176446,-0.174436,0.003517,0.968724,1.546168,-2.209710,-1.351004,-0.220485,-0.103452,-0.263170,3.733073,-6.161253,20.252850,158.362213,193.954346,1648.741577,-3.336096,19.828201,158.771114
1038306.0,2025-12-16T03:31:08.100489,7.335757,0.178643,-0.179180,0.006483,0.967439,1.541683,-2.541123,-1.454024,-0.189217,-0.080213,-0.279425,3.739142,-6.175297,20.177143,158.472534,193.772217,1649.338501,-3.148790,20.426653,158.508244
1038331.0,2025-12-16T03:31:08.100489,7.335757,0.180446,-0.183548,0.009057,0.966264,1.381919,-2.419310,-0.774081,-0.208710,-0.097806,-0.262599,3.742263,-6.190942,20.112061,158.579132,193.596024,1649.912598,-2.992109,20.976255,158.290094
1038366.0,2025-12-16T03:31:08.159212,7.394480,0.180574,-0.184449,0.013355,0.966019,1.460934,-2.366355,-1.224017,-0.176393,-0.085227,-0.247814,3.743876,-6.203266,20.050074,158.685593,193.419754,1650.483765,-2.508364,21.172990,158.355339
1038391.0,2025-12-16T03:31:08.217568,7.452836,0.182165,-0.189346,0.017453,0.964707,1.238032,-2.308572,-0.718291,-0.137008,-0.055210,-0.230420,3.743081,-6.213888,19.984499,158.799088,193.231522,1651.090576,-2.179733,21.819588,158.193347
1038426.0,2025-12-16T03:31:08.217568,7.452836,0.183775,-0.194150,0.022759,0.963335,1.110563,-2.370386,-0.630604,-0.116817,-0.075785,-0.218738,3.735810,-6.225107,19.918833,158.929291,193.014984,1651.785278,-1.706214,22.484192,158.059774
1038462.0,2025-12-16T03:31:08.281076,7.516344,0.183728,-0.194754,0.029660,0.963034,1.181658,-2.172603,-0.651963,-0.074920,-0.093062,-0.211647,3.727265,-6.232993,19.853193,159.060013,192.796768,1652.481934,-0.896709,22.706331,158.217676
1038497.0,2025-12-16T03:31:08.281076,7.516344,0.184569,-0.198925,0.035199,0.961834,1.264668,-2.322769,-1.335172,-0.060057,-0.083452,-0.164929,3.721812,-6.238461,19.783514,159.176086,192.602448,1653.099487,-0.356839,23.307098,158.201137
1038526.0,2025-12-16T03:31:08.330044,7.565312,0.184626,-0.203508,0.040568,0.960652,1.193962,-2.166506,-1.387669,-0.098862,-0.078255,-0.121108,3.715972,-6.243329,19.697559,159.298843,192.396423,1653.751099,0.175407,23.952590,158.279294
1038562.0,2025-12-16T03:31:08.330044,7.565312,0.182927,-0.204063,0.047786,0.960527,1.127434,-1.912809,-1.067771,-0.083807,-0.107827,-0.091933,3.706943,-6.240534,19.608953,159.431793,192.172836,1654.455078,1.076674,24.173380,158.665442
1038598.0,2025-12-16T03:31:08.397385,7.632653,0.181576,-0.208248,0.054838,0.959508,0.950786,-1.858305,-0.882390,-0.052484,-0.096366,-0.029539,3.693371,-6.231583,19.528608,159.565048,191.948242,1655.159790,1.869322,24.805883,158.979413
1038633.0,2025-12-16T03:31:08.397385,7.632653,0.178636,-0.211568,0.062541,0.958862,0.810920,-1.698563,-0.776596,-0.044049,-0.118207,0.062046,3.674110,-6.218278,19.452864,159.697998,191.723587,1655.863159,2.812747,25.345339,159.526189
1038670.0,2025-12-16T03:31:08.459493,7.694761,0.174049,-0.210680,0.069136,0.959448,0.993176,-1.299958,-2.226104,-0.117911,-0.137835,0.067884,3.656523,-6.195848,19.357813,159.823990,191.510223,1656.530273,3.764427,25.362242,160.283393
1038701.0,2025-12-16T03:31:08.518837,7.754106,0.171867,-0.215522,0.073806,0.958418,0.928797,-1.181339,-3.028620,-0.170464,-0.063774,0.006822,3.641246,-6.165236,19.227907,159.946930,191.301987,1657.180298,4.300416,26.007561,160.660763
1038729.0,2025-12-16T03:31:08.518837,7.754106,0.170157,-0.218983,0.077096,0.957679,0.687436,-1.332201,-2.629118,-0.270765,-0.037422,-0.045759,3.624223,-6.140119,19.114489,160.049423,191.128403,1657.721191,4.686617,26.466095,160.952752
1038764.0,2025-12-16T03:31:08.578425,7.813694,0.166627,-0.219295,0.079530,0.958029,0.664532,-1.577277,-2.224490,-0.372476,-0.064913,0.001171,3.602625,-6.119548,19.008137,160.156372,190.946976,1658.285400,5.085212,26.531224,161.466467
1038791.0,2025-12-16T03:31:08.578425,7.813694,0.163364,-0.222381,0.080339,0.957813,0.708311,-1.681365,-1.974739,-0.460761,-0.089970,0.028530,3.582462,-6.104667,18.916357,160.257858,190.774307,1658.821045,5.226214,26.887919,161.891697
1038812.0,2025-12-16T03:31:08.578425,7.813694,0.160263,-0.226382,0.081262,0.957321,0.672055,-1.561608,-1.716807,-0.452077,-0.022494,0.019236,3.563123,-6.089838,18.834480,160.355896,190.606995,1659.338989,5.363747,27.353995,162.298953
1038846.0,2025-12-16T03:31:08.631669,7.866937,0.158486,-0.232740,0.083326,0.955914,0.495328,-1.406321,-0.445474,-0.351716,0.167434,-0.066472,3.542071,-6.072022,18.776251,160.448898,190.447800,1659.831299,5.565444,28.123339,162.567483
1038872.0,2025-12-16T03:31:08.642456,7.877725,0.156145,-0.237567,0.087978,0.954694,0.192670,-1.285786,-0.612862,-0.250651,0.415038,-0.118377,3.513137,-6.049075,18.728861,160.547852,190.277786,1660.357422,6.141722,28.756073,162.998233
1038899.0,2025-12-16T03:31:08.697744,7.933013,0.155045,-0.242379,0.092619,0.953223,-0.060350,-1.342717,-0.340733,-0.229430,0.255029,-0.141859,3.478793,-6.026506,18.684862,160.640823,190.117203,1660.854980,6.684300,29.393389,163.278096
1038925.0,2025-12-16T03:31:08.697744,7.933013,0.154219,-0.246018,0.096549,0.952035,-0.043336,-1.277394,-0.548947,-0.264980,0.173440,-0.171676,3.441952,-6.003930,18.641388,160.732574,189.957718,1661.349854,7.152251,29.882001,163.508121
1038952.0,2025-12-16T03:31:08.760281,7.995550,0.154184,-0.246784,0.100128,0.951472,-0.159634,-0.863647,-0.810974,-0.295827,0.075549,-0.247140,3.399224,-5.971241,18.584469,160.835709,189.777176,1661.911011,7.595899,30.032535,163.631144
1038980.0,2025-12-16T03:31:08.760281,7.995550,0.155733,-0.243540,0.102989,0.951750,-0.114878,-0.976610,-0.919298,-0.197972,-0.008774,-0.342050,3.359976,-5.937645,18.527369,160.928436,189.613800,1662.420166,7.954092,29.712978,163.527459
1039008.0,2025-12-16T03:31:08.818797,8.054065,0.157898,-0.243897,0.107126,0.950845,-0.123370,-1.336571,-0.549911,-0.178305,-0.043412,-0.366499,3.321869,-5.910710,18.473667,161.019928,189.451553,1662.926880,8.399307,29.844388,163.384969
1039035.0,2025-12-16T03:31:08.818797,8.054065,0.160218,-0.243696,0.110728,0.950096,-0.195137,-1.544813,-0.184324,-0.201948,-0.099731,-0.380169,3.283653,-5.891715,18.430014,161.109406,189.291672,1663.426758,8.779865,29.904149,163.205104
1039068.0,2025-12-16T03:31:08.880103,8.115371,0.162615,-0.241794,0.113673,0.949826,-0.091625,-1.599217,-0.341079,-0.203982,-0.135866,-0.393864,3.247187,-5.876486,18.389530,161.196045,189.135559,1663.915161,9.099589,29.755197,162.991836
1039091.0,2025-12-16T03:31:08.882613,8.117881,0.166306,-0.241405,0.118002,0.948758,-0.142696,-1.523843,-0.333714,-0.161600,-0.126919,-0.438016,3.206603,-5.858485,18.340023,161.294708,188.956161,1664.476685,9.528531,29.822777,162.658253
1039117.0,2025-12-16T03:31:08.928197,8.163465,0.169489,-0.241438,0.122269,0.947645,-0.117336,-1.778579,-0.255452,-0.116835,-0.116557,-0.425972,3.171958,-5.845238,18.298182,161.378403,188.802597,1664.957397,9.960634,29.936570,162.388636
1039144.0,2025-12-16T03:31:08.940899,8.176168,0.172360,-0.241213,0.127018,0.946559,-0.180159,-1.688190,0.218452,-0.111588,-0.134020,-0.380499,3.134669,-5.833082,18.260248,161.467545,188.637543,1665.474121,10.468588,30.028488,162.175137
1039180.0,2025-12-16T03:31:09.061438,8.296706,0.174987,-0.240084,0.132554,0.945605,0.005552,-1.749372,-0.123264,-0.016462,-0.073146,-0.368349,3.101315,-5.820932,18.225267,161.551453,188.480743,1665.964966,11.098910,30.029120,162.017358
1039206.0,2025-12-16T03:31:09.070015,8.305283,0.177882,-0.242069,0.139758,0.943519,0.073864,-1.597484,-0.340909,0.019971,-0.019504,-0.336667,3.067736,-5.805530,18.176321,161.645920,188.302719,1666.522339,11.887360,30.431992,161.890731
1039233.0,2025-12-16T03:31:09.075660,8.310929,0.180365,-0.244842,0.146764,0.941266,0.189811,-1.555655,-0.542996,0.021309,0.009148,-0.310915,3.038083,-5.787453,18.121765,161.737335,188.129135,1667.065796,12.656652,30.921645,161.818823
1039270.0,2025-12-16T03:31:09.075660,8.310929,0.181279,-0.245140,0.153414,0.939951,0.251521,-1.720176,-0.389794,-0.008363,0.029626,-0.233362,3.011973,-5.771393,18.067226,161.826096,187.959549,1667.596802,13.474137,31.095203,161.932659
1039331.0,2025-12-16T03:31:09.114169,8.349437,0.179858,-0.248130,0.165937,0.937309,0.307321,-1.291776,-0.620358,-0.086862,-0.116756,-0.067896,2.954692,-5.721021,17.960611,162.017441,187.590866,1668.752319,15.104843,31.657437,162.580771
1039367.0,2025-12-16T03:31:09.176553,8.411821,0.176904,-0.245864,0.172000,0.937375,0.388488,-1.227135,-0.637499,-0.122713,-0.070812,-0.005538,2.930137,-5.690020,17.891039,162.116608,187.398590,1669.356445,16.022948,31.452299,163.164389
1039396.0,2025-12-16T03:31:09.176553,8.411821,0.173414,-0.247383,0.178208,0.936467,0.208307,-0.767450,-0.012921,-0.144021,-0.128707,0.068790,2.902035,-5.647166,17.825933,162.223419,187.190948,1670.010620,16.940841,31.677701,163.856378
1039434.0,2025-12-16T03:31:09.239696,8.474964,0.170633,-0.250474,0.182722,0.935286,0.470644,-0.690567,-1.158454,-0.144959,-0.108077,0.079561,2.878892,-5.601327,17.759861,162.316742,187.009369,1670.585083,17.605397,32.065319,164.417362
1039467.0,2025-12-16T03:31:09.241809,8.477077,0.166105,-0.246188,0.187150,0.936363,0.542956,-0.688195,-1.284751,-0.167762,-0.026567,0.074244,2.859444,-5.549936,17.664469,162.419128,186.810410,1671.217163,18.378622,31.548218,165.114395
1039499.0,2025-12-16T03:31:09.300194,8.535462,0.162330,-0.249120,0.192247,0.935216,0.181490,-0.491695,-0.748045,-0.209489,0.001860,0.062965,2.837018,-5.499970,17.583384,162.512863,186.628571,1671.797241,19.163898,31.895870,165.829663
1039530.0,2025-12-16T03:31:09.359361,8.594629,0.157504,-0.248013,0.198352,0.935061,-0.060566,-0.338265,-0.371660,-0.203241,0.051877,0.055915,2.804974,-5.444715,17.516638,162.606293,186.447311,1672.378540,20.143157,31.755544,166.661696
1039569.0,2025-12-16T03:31:09.362425,8.597693,0.153300,-0.241384,0.199259,0.937299,-0.106768,-0.325899,-0.186988,-0.212009,0.069789,0.050159,2.770091,-5.389656,17.460817,162.695267,186.274399,1672.936768,20.430949,30.903242,167.125769
1039599.0,2025-12-16T03:31:09.362425,8.597693,0.148380,-0.236515,0.203994,0.938313,-0.032250,-0.186938,-0.522296,-0.196080,0.075971,0.033714,2.732732,-5.327203,17.396084,162.792252,186.085526,1673.551025,21.226917,30.290666,167.835048
1039631.0,2025-12-16T03:31:09.411090,8.646358,0.146177,-0.230170,0.202947,0.940461,-0.017614,-0.074097,-0.388487,-0.132308,0.113034,-0.023413,2.700722,-5.267349,17.333681,162.879364,185.915665,1674.107788,21.176188,29.489484,167.963238
1039667.0,2025-12-16T03:31:09.481452,8.716720,0.146306,-0.222695,0.198262,0.943236,0.198044,-0.304959,-0.553439,-0.087001,0.065532,-0.045912,2.670508,-5.205539,17.265215,162.972702,185.733688,1674.708984,20.588262,28.562775,167.660323
1039703.0,2025-12-16T03:31:09.481452,8.716720,0.146158,-0.229146,0.204206,0.940441,0.062211,-0.156820,-0.178991,-0.069554,0.026279,-0.071073,2.640225,-5.142168,17.195560,163.071243,185.541672,1675.348389,21.341708,29.385860,167.989228
1039738.0,2025-12-16T03:31:09.541904,8.777173,0.145708,-0.234236,0.210896,0.937777,0.127732,-0.262088,-0.474951,-0.047913,0.019155,-0.068308,2.610309,-5.081425,17.129448,163.165085,185.358948,1675.961914,22.216911,30.051705,168.370440
1039775.0,2025-12-16T03:31:09.543185,8.778454,0.146243,-0.232808,0.209961,0.938259,0.025953,-0.270104,0.142495,-0.031878,0.020341,-0.053502,2.579711,-5.022635,17.067404,163.259537,185.175064,1676.584229,22.079253,29.886189,168.242805
1039812.0,2025-12-16T03:31:09.601276,8.836545,0.146376,-0.232826,0.211019,0.937996,0.061909,-0.252754,0.184906,-0.023645,-0.050792,-0.021260,2.547800,-4.963427,17.015366,163.354858,184.989426,1677.217773,22.212573,29.904546,168.262755
1039851.0,2025-12-16T03:31:09.660167,8.895435,0.146190,-0.229965,0.210309,0.938890,0.261976,-0.394262,-0.564151,-0.026217,-0.050649,0.004740,2.519698,-4.905379,16.947187,163.452621,184.799042,1677.872925,22.129729,29.558635,168.206436
1039888.0,2025-12-16T03:31:09.660167,8.895435,0.146158,-0.230511,0.211112,0.938581,0.198020,-0.317337,-0.604940,-0.035527,-0.033298,-0.013841,2.495290,-4.851063,16.866009,163.546692,184.616028,1678.507202,22.234189,29.631424,168.248282
1039924.0,2025-12-16T03:31:09.712417,8.947685,0.146696,-0.231354,0.211921,0.938107,0.218905,-0.312537,-0.751118,-0.023832,-0.026429,-0.042994,2.470765,-4.796838,16.782450,163.638657,184.437363,1679.130249,22.321030,29.751955,168.224523
1039963.0,2025-12-16T03:31:09.776476,9.011744,0.147963,-0.229748,0.210943,0.938523,0.321035,-0.539068,-1.165838,-0.008141,0.010028,-0.071964,2.448507,-4.746805,16.687553,163.731018,184.258163,1679.758667,22.155390,29.582219,168.000318
1040001.0,2025-12-16T03:31:09.776476,9.011744,0.148655,-0.230449,0.211792,0.938050,0.060101,-0.146864,-0.677186,-0.049287,0.041871,-0.096275,2.422776,-4.692688,16.591053,163.825745,184.074615,1680.405762,22.242276,29.690502,167.955363
1040042.0,2025-12-16T03:31:09.953008,9.188277,0.149544,-0.233574,0.212494,0.936977,0.021569,-0.201184,-0.628132,-0.064627,0.125234,-0.121704,2.390915,-4.631404,16.502560,163.922058,183.888062,1681.067871,22.300141,30.083507,167.927695
1040079.0,2025-12-16T03:31:09.953008,9.188277,0.151143,-0.236480,0.210175,0.936514,-0.304792,0.008909,0.216028,-0.084683,0.233357,-0.166772,2.356417,-4.574584,16.438704,164.007401,183.722565,1681.660034,21.940634,30.428828,167.699740
1040108.0,2025-12-16T03:31:09.963473,9.198741,0.149921,-0.234238,0.212315,0.936792,-0.178895,0.071051,0.359647,-0.034582,0.355151,-0.147341,2.325537,-4.524486,16.400023,164.076859,183.587585,1682.147217,22.263645,30.167194,167.886721
1040172.0,2025-12-16T03:31:09.963473,9.198741,0.151639,-0.227029,0.203993,0.940133,0.159387,-0.233125,-0.242615,-0.082652,0.123177,-0.114796,2.275170,-4.431457,16.311558,164.210785,183.326797,1683.100220,21.144874,29.257849,167.253097
1040230.0,2025-12-16T03:31:10.010792,9.246060,0.150428,-0.239168,0.213292,0.935242,0.014611,-0.145422,-0.212680,-0.116863,0.077186,-0.044695,2.234003,-4.342810,16.181236,164.356003,183.044266,1684.146484,22.368488,30.765767,167.952550
