l_h [m],beta_from_VH,beta_from_trim(CLh=-0.40),VH_target
0.15,0.40740000000000004,1.8517376666666665,0.9
0.15117056856187291,0.4042453539823009,1.8373989900442473,0.9
0.1523411371237458,0.40113918770581786,1.8232806663007681,0.9
0.15351170568561873,0.3980803921568628,1.8093776546840954,0.9
0.15468227424749165,0.3950678918918919,1.7956850670270266,0.9
0.15585284280936454,0.3921006437768241,1.7821981620171672,0.9
0.15702341137123746,0.3891776357827476,1.7689123397231092,0.9
0.15819397993311035,0.3862978858350952,1.755823136363636,0.9
0.15936454849498327,0.38346044071353624,1.7429262193074497,0.9
0.1605351170568562,0.380664375,1.7302173822916662,0.9
0.16170568561872908,0.37790879007238887,1.7176925408479833,0.9
0.162876254180602,0.3751928131416838,1.7053477279260778,0.9
0.1640468227424749,0.3725155963302753,1.6931790897043832,0.9
0.16521739130434782,0.3698763157894737,1.6811828815789471,0.9
0.16638795986622074,0.3672741708542714,1.6693554643216078,0.9
0.16755852842809363,0.364708383233533,1.6576933003992016,0.9
0.16872909698996655,0.36217819623389497,1.646192950445986,0.9
0.16989966555183947,0.35968287401574806,1.6348510698818894,0.9
0.17107023411371236,0.35722170087976546,1.6236644056695988,0.9
0.17224080267558528,0.3547939805825243,1.612629793203883,0.9
0.1734113712374582,0.3523990356798457,1.6017441533269041,0.9
0.1745819397993311,0.3500362068965518,1.5910044894636013,0.9
0.175752508361204,0.3477048525214082,1.5804078848715506,0.9
0.1769230769230769,0.34540434782608703,1.5699515,0.9
0.17809364548494983,0.3431340845070423,1.5596325699530513,0.9
0.17926421404682275,0.34089347014925375,1.5494484020522385,0.9
0.18043478260869564,0.33868192771084343,1.5393963734939757,0.9
0.18160535117056856,0.33649889502762437,1.5294739290976056,0.9
0.18277591973244145,0.3343438243366881,1.5196785791399816,0.9
0.18394648829431437,0.33221618181818185,1.510007897272727,0.9
0.1851170568561873,0.33011544715447155,1.5004595185185183,0.9
0.1862876254180602,0.3280411131059246,1.4910311373429082,0.9
0.1874581939799331,0.325992685102587,1.481720505798394,0.9
0.188628762541806,0.3239696808510639,1.4725254317375884,0.9
0.18979933110367891,0.3219716299559472,1.4634437770925108,0.9
0.19096989966555183,0.3199980735551664,1.4544734562171626,0.9
0.19214046822742475,0.31804856396866843,1.445612434290687,0.9
0.19331103678929765,0.31612266435986164,1.4368587257785466,0.9
0.19448160535117057,0.31421994840928635,1.4282103929492689,0.9
0.19565217391304346,0.31234000000000006,1.4196655444444444,0.9
0.19682274247491638,0.31048241291418865,1.411222333899745,0.9
0.1979933110367893,0.30864679054054056,1.4028789586148647,0.9
0.1991638795986622,0.30683274559193957,1.3946336582703607,0.9
0.2003344481605351,0.30503989983305513,1.386484713689482,0.9
0.201505016722408,0.3032678838174274,1.3784304456431533,0.9
0.20267558528428092,0.3015163366336634,1.3704692136963694,0.9
0.20384615384615384,0.2997849056603774,1.3625994150943392,0.9
0.20501672240802676,0.2980732463295269,1.354819483686786,0.9
0.20618729096989966,0.29638102189781024,1.3471278888888887,0.9
0.20735785953177255,0.29470790322580653,1.3395231346774192,0.9
0.20852842809364547,0.293053568564555,1.3320037586206894,0.9
0.2096989966555184,0.29141770334928235,1.3245683309409886,0.9
0.2108695652173913,0.2898,1.3172154536082472,0.9
0.2120401337792642,0.28820015772870666,1.3099437594637222,0.9
0.21321070234113712,0.2866178823529412,1.3027519113725488,0.9
0.21438127090301,0.28505288611544466,1.295638601404056,0.9
0.21555183946488293,0.2835048875096975,1.2886025500387894,0.9
0.21672240802675585,0.28197361111111113,1.2816425054012341,0.9
0.21789297658862875,0.2804587874136608,1.2747572425172675,0.9
0.21906354515050167,0.2789601526717558,1.2679455625954195,0.9
0.22023411371237456,0.2774774487471527,1.2612062923310552,0.9
0.22140468227424748,0.2760104229607251,1.2545382832326282,0.9
0.2225752508361204,0.2745588279489106,1.2479404109691958,0.9
0.22374581939799332,0.2731224215246637,1.2414115747384153,0.9
0.2249163879598662,0.27170096654275094,1.234950696654275,0.9
0.2260869565217391,0.2702942307692308,1.2285567211538462,0.9
0.22725752508361202,0.2689019867549669,1.2222286144223693,0.9
0.22842809364548494,0.26752401171303075,1.2159653638360175,0.9
0.22959866220735786,0.26616008739985436,1.209765977421704,0.9
0.23076923076923075,0.26481000000000005,1.203629483333333,0.9
0.23193979933110367,0.26347354001441964,1.1975549293439074,0.9
0.23311036789297657,0.2621505021520804,1.191541382352941,0.9
0.2342809364548495,0.26084068522483944,1.1855879279086365,0.9
0.2354515050167224,0.2595438920454546,1.1796936697443179,0.9
0.2366220735785953,0.25825992932862196,1.1738577293286216,0.9
0.23779264214046822,0.25698860759493675,1.168079245428973,0.9
0.2389632107023411,0.25572974107767676,1.1623573736878936,0.9
0.24013377926421403,0.254483147632312,1.156691286211699,0.9
0.24130434782608695,0.25324864864864866,1.151080171171171,0.9
0.24247491638795987,0.25202606896551727,1.145523232413793,0.9
0.24364548494983276,0.2508152367879204,1.1400196890871652,0.9
0.24481605351170566,0.24961598360655743,1.1345687752732239,0.9
0.24598662207357858,0.24842814411964653,1.1291697396329026,0.9
0.2471571906354515,0.2472515561569689,1.1238218450608928,0.9
0.24832775919732442,0.2460860606060606,1.118524368350168,0.9
0.2494983277591973,0.2449315013404826,1.1132765998659515,0.9
0.25066889632107026,0.24378772515010005,1.1080778432288187,0.9
0.2518394648829431,0.2426545816733068,1.10292741500664,0.9
0.25301003344481604,0.24153192333113024,1.0978246444150692,0.9
0.25418060200668896,0.24041960526315792,1.0927688730263156,0.9
0.2553511705685618,0.239317485265226,1.0877594544859202,0.9
0.25652173913043474,0.2382254237288136,1.0827957542372881,0.9
0.25769230769230766,0.2371432835820896,1.0778771492537313,0.9
0.2588628762541806,0.23607093023255818,1.0730030277777778,0.9
0.2600334448160535,0.23500823151125405,1.0681727890675239,0.9
0.2612040133779264,0.2339550576184379,1.0633858431498078,0.9
0.26237458193979935,0.2329112810707457,1.058641610579987,0.9
0.2635451505016722,0.23187677664974624,1.0539395222081216,0.9
0.26471571906354513,0.2308514213518636,1.0492790189513581,0.9
0.26588628762541805,0.22983509433962268,1.044659551572327,0.9
0.26705685618729097,0.2288276768941766,1.0400805804633686,0.9
0.26822742474916383,0.22782905236907736,1.035541575436409,0.9
0.26939799331103675,0.22683910614525143,1.0310420155183115,0.9
0.2705685618729097,0.22585772558714465,1.026581388751545,0.9
0.2717391304347826,0.22488480000000002,1.022159192,0.9
0.2729096989966555,0.22392022058823532,1.0177749307598039,0.9
0.27408026755852843,0.22296388041488713,1.0134281189749845,0.9
0.27525083612040135,0.2220156743620899,1.009118278857837,0.9
0.2764214046822743,0.22107549909255897,1.0048449407138533,0.9
0.27759197324414714,0.22014325301204823,1.0006076427710842,0.9
0.27876254180602006,0.21921883623275348,0.996405931013797,0.9
0.2799331103678929,0.21830215053763447,0.9922393590203106,0.9
0.28110367892976584,0.21739309934562764,0.988107487804878,0.9
0.28227424749163876,0.21649158767772517,0.984009885663507,0.9
0.2834448160535117,0.21559752212389383,0.9799461280235987,0.9
0.2846153846153846,0.21471081081081084,0.9759157972972972,0.9
0.2857859531772575,0.21383136337039205,0.9719184827384434,0.9
0.28695652173913044,0.21295909090909093,0.96795378030303,0.9
0.28812709030100336,0.21209390597794545,0.9640212925130583,0.9
0.28929765886287623,0.21123572254335263,0.9601206283236994,0.9
0.29046822742474915,0.21038445595854924,0.9562514029936672,0.9
0.29163879598662207,0.20954002293577983,0.9524132379587155,0.9
0.29280936454849493,0.20870234151913197,0.9486057607081667,0.9
0.29397993311036785,0.20787133105802053,0.9448286046643912,0.9
0.2951505016722408,0.20704691218130317,0.9410814090651557,0.9
0.2963210702341137,0.20622900677200906,0.9373638188487583,0.9
0.2974916387959866,0.20541753794266443,0.9336754845418773,0.9
0.29866220735785953,0.20461243001119822,0.9300160621500557,0.9
0.29983277591973245,0.20381360847741217,0.9263852130507527,0.9
0.3010033444816054,0.203021,0.9227826038888887,0.9
0.30217391304347824,0.20223453237410075,0.9192079064748201,0.9
0.30334448160535116,0.20145413450937158,0.9156607976846747,0.9
0.304515050167224,0.2006797364085668,0.9121409593629873,0.9
0.30568561872909694,0.19991126914660837,0.908648078227571,0.9
0.30685618729096986,0.19914866485013627,0.9051818457765667,0.9
0.3080267558528428,0.19839185667752446,0.9017419581976112,0.9
0.3091973244147157,0.19764077879935102,0.8983281162790696,0.9
0.3103678929765886,0.19689536637931038,0.8949400253232757,0.9
0.31153846153846154,0.19615555555555556,0.8915773950617282,0.9
0.31270903010033446,0.1954212834224599,0.8882399395721923,0.9
0.3138795986622074,0.19469248801278635,0.8849273771976556,0.9
0.31505016722408025,0.1939691082802548,0.8816394304670911,0.9
0.31622073578595317,0.19325108408249606,0.8783758260179798,0.9
0.31739130434782603,0.1925383561643836,0.875136294520548,0.9
0.31856187290969895,0.19183086614173234,0.8719205706036746,0.9
0.31973244147157187,0.19112855648535568,0.8687283927824268,0.9
0.3209030100334448,0.19043137050547163,0.8655595033871808,0.9
0.3220735785953177,0.18973925233644862,0.8624136484942886,0.9
0.32324414715719063,0.1890521469218831,0.8592905778582512,0.9
0.32441471571906355,0.18837,0.8561900448453607,0.9
0.32558528428093647,0.18769275808936825,0.8531118063687723,0.9
0.32675585284280934,0.18702036847492326,0.8500556228249744,0.9
0.32792642140468226,0.18635277919428866,0.8470212580316164,0.9
0.3290969899665552,0.18568993902439027,0.8440084791666665,0.9
0.33026755852842804,0.18503179746835446,0.8410170567088606,0.9
0.33143812709030096,0.18437830474268418,0.8380467643794146,0.9
0.3326086956521739,0.18372941176470592,0.8350973790849672,0.9
0.3337792642140468,0.18308507014028058,0.8321686808617232,0.9
0.3349498327759197,0.18244523215177236,0.8292604528207687,0.9
0.33612040133779264,0.18180985074626868,0.8263724810945271,0.9
0.33729096989966556,0.18117887952404563,0.8235045547843329,0.9
0.3384615384615385,0.18055227272727273,0.8206564659090906,0.9
0.33963210702341134,0.1799299852289513,0.8178280093549974,0.9
0.34080267558528426,0.1793119725220805,0.8150189828263001,0.9
0.34197324414715713,0.1786981907090465,0.812229186797066,0.9
0.34314381270903005,0.1780885964912281,0.8094584244639376,0.9
0.34431438127090297,0.177483147158815,0.8067065016998543,0.9
0.3454849498327759,0.17688180058083255,0.8039732270087124,0.9
0.3466555183946488,0.17628451519536906,0.8012584114809453,0.9
0.34782608695652173,0.17569125000000002,0.7985618687499999,0.9
0.34899665551839465,0.17510196454240537,0.7958834149496884,0.9
0.35016722408026757,0.1745166189111748,0.7932228686723971,0.9
0.3513377926421405,0.17393517372679676,0.7905800509281292,0.9
0.35250836120401335,0.17335759013282734,0.7879547851043642,0.9
0.3536789297658863,0.17278382978723406,0.7853468969267139,0.9
0.35484949832775914,0.17221385485391144,0.7827562144203581,0.9
0.35602006688963206,0.1716476279943636,0.7801825678722405,0.9
0.357190635451505,0.1710851123595506,0.7776257897940074,0.9
0.3583612040133779,0.17052627158189457,0.7750857148856742,0.9
0.3595317725752508,0.1699710697674419,0.77256218,0.9
0.36070234113712374,0.16941947148817804,0.7700550241075567,0.9
0.36187290969899666,0.1688714417744917,0.7675640882624768,0.9
0.3630434782608696,0.16832694610778443,0.7650892155688621,0.9
0.36421404682274244,0.16778595041322317,0.7626302511478419,0.9
0.36538461538461536,0.1672484210526316,0.760187042105263,0.9
0.3665551839464883,0.16671432481751827,0.7577594374999999,0.9
0.36772575250836115,0.16618362892223743,0.7553472883128695,0.9
0.36889632107023407,0.16565630099728018,0.7529504474161377,0.9
0.370066889632107,0.16513230908269322,0.7505687695436059,0.9
0.3712374581939799,0.16461162162162166,0.7482021112612611,0.9
0.37240802675585283,0.16409420745397396,0.7458503309384821,0.9
0.37357859531772575,0.16358003581020591,0.743513288719785,0.9
0.37474916387959867,0.16306907630522088,0.7411908464970993,0.9
0.3759197324414716,0.16256129893238436,0.7388828678825621,0.9
0.37709030100334445,0.1620566740576497,0.7365892181818181,0.9
0.3782608695652174,0.16155517241379314,0.734309764367816,0.9
0.37943143812709024,0.16105676509475544,0.7320443750550903,0.9
0.38060200668896316,0.1605614235500879,0.7297929204745167,0.9
0.3817725752508361,0.16006911957950068,0.7275552724485326,0.9
0.382943143812709,0.15957982532751094,0.7253313043668121,0.9
0.3841137123745819,0.15909351327818896,0.7231208911623856,0.9
0.38528428093645484,0.15861015625000002,0.7209239092881944,0.9
0.38645484949832776,0.15812972739073997,0.7187402366940717,0.9
0.3876254180602007,0.15765220017256257,0.7165697528041414,0.9
0.3887959866220736,0.15717754838709677,0.7144123384946235,0.9
0.38996655518394646,0.15670574614065183,0.712267876072041,0.9
0.3911371237458194,0.15623676784950835,0.7101362492518168,0.9
0.39230769230769225,0.15577058823529416,0.7080173431372548,0.9
0.39347826086956517,0.15530718232044202,0.7059110441988949,0.9
0.3946488294314381,0.15484652542372884,0.7038172402542372,0.9
0.395819397993311,0.15438859315589357,0.7017358204478241,0.9
0.3969899665551839,0.1539333614153328,0.6996666752316764,0.9
0.39816053511705685,0.15348080638387235,0.697609696346073,0.9
0.39933110367892977,0.1530309045226131,0.6955647768006699,0.9
0.4005016722408027,0.15258363256784968,0.6935318108559497,0.9
0.4016722408026756,0.1521389675270608,0.6915106940049957,0.9
0.4028428093645485,0.15169688667496886,0.689501322955583,0.9
0.40401337792642134,0.15125736754966893,0.6875035956125828,0.9
0.40518394648829426,0.1508203879488238,0.6855174110606685,0.9
0.4063545150501672,0.15038592592592595,0.683542669547325,0.9
0.4075250836120401,0.14995395978662293,0.6815792724661468,0.9
0.408695652173913,0.14952446808510642,0.6796271223404254,0.9
0.40986622073578594,0.14909742962056305,0.6776861228070175,0.9
0.41103678929765886,0.14867282343368593,0.6757561786004881,0.9
0.4122073578595318,0.14825062880324544,0.6738371955375252,0.9
0.4133779264214047,0.14783082524271846,0.6719290805016179,0.9
0.4145484949832776,0.14741339249697458,0.670031741427995,0.9
0.4157190635451504,0.14699831053901855,0.6681450872888173,0.9
0.41688963210702334,0.14658555956678704,0.6662690280786201,0.9
0.41806020066889626,0.14617512000000002,0.6644034748,0.9
0.4192307692307692,0.14576697247706424,0.6625483394495412,0.9
0.4204013377926421,0.14536109785202866,0.6607035350039776,0.9
0.421571906354515,0.14495747719159066,0.6588689754065845,0.9
0.42274247491638794,0.14455609177215192,0.6570445755537972,0.9
0.42391304347826086,0.1441569230769231,0.6552302512820511,0.9
0.4250836120401338,0.14375995279307632,0.6534259193548385,0.9
0.4262541806020067,0.14336516280894468,0.6516314974499802,0.9
0.4274247491638796,0.1429725352112676,0.6498469041471047,0.9
0.42859531772575243,0.1425820522824815,0.6480720589153336,0.9
0.42976588628762535,0.1421936964980545,0.6463068821011673,0.9
0.4309364548494983,0.14180745052386498,0.6445512949165696,0.9
0.4321070234113712,0.14142329721362232,0.6428052194272446,0.9
0.4332775919732441,0.14104121960632962,0.6410685785411038,0.9
0.43444816053511703,0.14066120092378756,0.6393412959969206,0.9
0.43561872909698995,0.14028322456813822,0.6376232963531668,0.9
0.4367892976588629,0.1399072741194487,0.635914504977029,0.9
0.4379598662207358,0.13953333333333334,0.6342148480336005,0.9
0.4391304347826087,0.13916138613861387,0.6325242524752474,0.9
0.44030100334448163,0.1387914166350171,0.630842646031143,0.9
0.44147157190635444,0.1384234090909091,0.6291699571969697,0.9
0.44264214046822736,0.1380573479410654,0.6275061152247827,0.9
0.4438127090301003,0.1376932177844763,0.6258510501130369,0.9
0.4449832775919732,0.13733100338218718,0.6242046925967681,0.9
0.4461538461538461,0.13697068965517242,0.6225669741379309,0.9
0.44732441471571904,0.136612261682243,0.6209378269158878,0.9
0.44849498327759196,0.1362557046979866,0.6193171838180461,0.9
0.4496655518394649,0.13590100409074007,0.6177049784306433,0.9
0.4508361204013378,0.13554814540059348,0.6161011450296735,0.9
0.4520066889632107,0.1351971143174251,0.614505618571957,0.9
0.45317725752508353,0.13484789667896682,0.6129183346863468,0.9
0.45434782608695645,0.13450047846889956,0.6113392296650717,0.9
0.4555183946488294,0.134154845814978,0.6097682404552128,0.9
0.4566889632107023,0.13381098498718422,0.6082053046503112,0.9
0.4578595317725752,0.13346888239590946,0.6066503604821036,0.9
0.45903010033444813,0.13312852459016394,0.6051033468123861,0.9
0.46020066889632105,0.13278989825581397,0.6035642031249999,0.9
0.461371237458194,0.1324529902138456,0.6020328695179411,0.9
0.4625418060200669,0.1321177874186551,0.6005092866955891,0.9
0.4637123745819398,0.13178427695636497,0.5989933959610528,0.9
0.46488294314381273,0.13145244604316547,0.5974851392086329,0.9
0.46605351170568554,0.1311222820236814,0.5959844589163975,0.9
0.46722408026755846,0.13079377236936296,0.594491298138869,0.9
0.4683946488294314,0.13046690467690114,0.5930056004998214,0.9
0.4695652173913043,0.13014166666666668,0.5915273101851851,0.9
0.4707357859531772,0.12981804618117232,0.5900563719360568,0.9
0.47190635451505014,0.12949603118355776,0.5885927310418142,0.9
0.47307692307692306,0.12917560975609757,0.5871363333333333,0.9
0.474247491638796,0.12885677009873062,0.5856871251763045,0.9
0.4754180602006689,0.12853950052761168,0.5842450534646499,0.9
0.4765886287625418,0.1282237894736842,0.5828100656140349,0.9
0.47775919732441474,0.12790962548127408,0.5813821095554776,0.9
0.47892976588628755,0.12759699720670395,0.5799611337290502,0.9
0.48010033444816047,0.12728589341692792,0.5785470870776732,0.9
0.4812709030100334,0.12697630298818627,0.5771399190410006,0.9
0.4824414715719063,0.1266682149046794,0.5757395795493933,0.9
0.48361204013377923,0.12636161825726142,0.5743460190179805,0.9
0.48478260869565215,0.12605650224215248,0.5729591883408071,0.9
0.48595317725752507,0.12575285615966966,0.5715790388850652,0.9
0.487123745819398,0.12545066941297633,0.5702055224854101,0.9
0.4882943143812709,0.12514993150684933,0.568838591438356,0.9
0.48946488294314383,0.12485063204646396,0.5674781984967542,0.9
0.49063545150501664,0.12455276073619635,0.566124296864349,0.9
0.49180602006688956,0.12425630737844273,0.5647768401904114,0.9
0.4929765886287625,0.12396126187245593,0.5634357825644504,0.9
0.4941471571906354,0.123667614213198,0.5621010785109982,0.9
0.4953177257525083,0.12337535449020934,0.5607726829844699,0.9
0.49648829431438124,0.12308447288649378,0.5594505513640956,0.9
0.49765886287625416,0.12279495967741937,0.5581346394489246,0.9
0.4988294314381271,0.12250680522963461,0.5568249034528997,0.9
0.5,0.12222000000000001,0.5555212999999999,0.9
