t_imu_ms,pc_timestamp_iso,pc_timestamp_s,qw,qx,qy,qz,ax_raw,ay_raw,az_raw,gx_rad_s,gy_rad_s,gz_rad_s,mx_uT,my_uT,mz_uT
120025.0,2025-12-08T05:06:50.730699,112.667019,0.991468,-0.005826,0.026566,-0.127483,-0.050415,-0.015869,1.002563,-0.001065,0.002131,0.001065,1.000000,-1.000000,45.000000
120049.0,2025-12-08T05:06:50.790662,112.726982,0.991478,-0.004837,0.026529,-0.127452,-0.051514,-0.016479,1.001831,-0.002131,0.002131,0.001065,0.000000,0.000000,0.000000
120074.0,2025-12-08T05:06:50.792651,112.728971,0.991467,-0.004075,0.027171,-0.127427,-0.052490,-0.015503,1.001587,-0.002131,0.001065,0.000000,0.000000,0.000000,0.000000
120094.0,2025-12-08T05:06:50.793667,112.729987,0.991493,-0.004185,0.026190,-0.127431,-0.051392,-0.015015,1.002075,-0.002131,0.002131,0.001065,0.000000,0.000000,0.000000
120119.0,2025-12-08T05:06:50.794651,112.730971,0.991489,-0.005170,0.026414,-0.127380,-0.051880,-0.016113,1.001953,-0.002131,0.002131,0.001065,1.000000,-2.000000,47.000000
120169.0,2025-12-08T05:06:50.851183,112.787503,0.991491,-0.004828,0.026459,-0.127370,-0.050659,-0.016357,1.002808,-0.002131,0.002131,-0.001065,0.000000,0.000000,0.000000
120194.0,2025-12-08T05:06:50.852851,112.789171,0.991513,-0.005033,0.025486,-0.127388,-0.050049,-0.016479,1.002808,-0.002131,0.001065,-0.001065,0.000000,0.000000,0.000000
120220.0,2025-12-08T05:06:50.908225,112.844545,0.991501,-0.004118,0.025880,-0.127431,-0.051514,-0.015625,1.002075,-0.002131,0.003196,0.000000,1.000000,1.000000,44.000000
120240.0,2025-12-08T05:06:50.908225,112.844545,0.991488,-0.005107,0.026117,-0.127453,-0.050659,-0.016968,1.002319,-0.003196,0.003196,0.000000,0.000000,0.000000,0.000000
120265.0,2025-12-08T05:06:50.908225,112.844545,0.991489,-0.004149,0.026377,-0.127421,-0.051270,-0.015503,1.003174,-0.002131,0.001065,0.001065,0.000000,0.000000,0.000000
120290.0,2025-12-08T05:06:50.969814,112.906134,0.991503,-0.004816,0.025637,-0.127443,-0.050415,-0.015747,1.003418,-0.002131,0.002131,0.000000,0.000000,0.000000,0.000000
120316.0,2025-12-08T05:06:50.969814,112.906134,0.991490,-0.004003,0.026222,-0.127450,-0.051025,-0.016357,1.003418,-0.001065,0.002131,0.002131,-1.000000,1.000000,35.000000
120340.0,2025-12-08T05:06:50.969814,112.906134,0.991470,-0.004863,0.026754,-0.127468,-0.052368,-0.017334,1.002197,-0.002131,0.001065,0.000000,0.000000,0.000000,0.000000
120369.0,2025-12-08T05:06:51.031930,112.968250,0.991489,-0.004010,0.026264,-0.127450,-0.050903,-0.014038,1.001465,-0.002131,0.003196,0.000000,0.000000,0.000000,0.000000
120389.0,2025-12-08T05:06:51.033035,112.969355,0.991475,-0.004981,0.026527,-0.127472,-0.051514,-0.017090,1.001465,-0.001065,0.002131,0.000000,0.000000,0.000000,0.000000
120417.0,2025-12-08T05:06:51.087998,113.024318,0.991460,-0.004142,0.027057,-0.127509,-0.050415,-0.017334,1.003052,-0.003196,0.002131,0.000000,-1.000000,2.000000,45.000000
120437.0,2025-12-08T05:06:51.087998,113.024318,0.991455,-0.005150,0.026951,-0.127530,-0.052490,-0.016357,1.002075,-0.003196,0.001065,0.001065,0.000000,0.000000,0.000000
120461.0,2025-12-08T05:06:51.087998,113.024318,0.991480,-0.004557,0.026162,-0.127521,-0.051514,-0.016357,1.002563,-0.001065,0.002131,0.000000,0.000000,0.000000,0.000000
120490.0,2025-12-08T05:06:51.152451,113.088771,0.991464,-0.005507,0.026498,-0.127538,-0.051147,-0.017090,1.001831,-0.001065,0.003196,0.001065,0.000000,0.000000,0.000000
120516.0,2025-12-08T05:06:51.153449,113.089769,0.991463,-0.004561,0.026792,-0.127528,-0.052124,-0.015991,1.001465,-0.002131,0.001065,0.001065,-1.000000,0.000000,43.000000
120537.0,2025-12-08T05:06:51.212230,113.148550,0.991484,-0.003768,0.026209,-0.127507,-0.051147,-0.014160,1.001953,-0.002131,0.002131,0.001065,0.000000,0.000000,0.000000
120561.0,2025-12-08T05:06:51.212230,113.148550,0.991471,-0.004739,0.026451,-0.127530,-0.051514,-0.016968,1.002686,0.000000,0.002131,0.000000,0.000000,0.000000,0.000000
120586.0,2025-12-08T05:06:51.269380,113.205700,0.991460,-0.005746,0.026516,-0.127555,-0.051270,-0.017822,1.001465,-0.002131,0.002131,0.000000,0.000000,0.000000,0.000000
120616.0,2025-12-08T05:06:51.269380,113.205700,0.991463,-0.006764,0.026497,-0.127487,-0.050903,-0.016113,1.002563,-0.004261,0.001065,0.001065,1.000000,-1.000000,43.000000
120641.0,2025-12-08T05:06:51.325150,113.261470,0.991475,-0.005772,0.026424,-0.127457,-0.051270,-0.014404,1.002441,-0.001065,0.002131,0.001065,0.000000,0.000000,0.000000
120670.0,2025-12-08T05:06:51.325150,113.261470,0.991474,-0.004852,0.026813,-0.127424,-0.051880,-0.016968,1.003052,-0.002131,0.003196,0.001065,0.000000,0.000000,0.000000
120695.0,2025-12-08T05:06:51.325150,113.261470,0.991499,-0.004227,0.026059,-0.127408,-0.051392,-0.015747,1.001709,-0.003196,0.002131,0.001065,0.000000,0.000000,0.000000
120719.0,2025-12-08T05:06:51.386995,113.323315,0.991471,-0.004206,0.027033,-0.127420,-0.052368,-0.016113,1.003906,-0.002131,0.001065,0.001065,0.000000,0.000000,41.000000
120744.0,2025-12-08T05:06:51.386995,113.323315,0.991483,-0.004960,0.026374,-0.127444,-0.051636,-0.016235,1.002563,-0.003196,0.002131,0.000000,0.000000,0.000000,0.000000
120764.0,2025-12-08T05:06:51.453306,113.389626,0.991456,-0.005168,0.027358,-0.127436,-0.052246,-0.016968,1.001709,-0.002131,0.001065,0.001065,0.000000,0.000000,0.000000
120793.0,2025-12-08T05:06:51.453306,113.389626,0.991481,-0.004520,0.026624,-0.127419,-0.051147,-0.015015,1.002197,-0.003196,0.002131,0.001065,0.000000,0.000000,0.000000
120819.0,2025-12-08T05:06:51.454308,113.390627,0.991469,-0.003576,0.026920,-0.127481,-0.050781,-0.015381,1.001587,-0.002131,0.001065,0.001065,1.000000,2.000000,43.000000
120842.0,2025-12-08T05:06:51.501908,113.438228,0.991465,-0.004572,0.026805,-0.127502,-0.052124,-0.016235,1.002930,-0.001065,0.002131,0.001065,0.000000,0.000000,0.000000
120867.0,2025-12-08T05:06:51.501908,113.438228,0.991492,-0.004419,0.025827,-0.127500,-0.050659,-0.015503,1.001221,-0.002131,0.001065,0.001065,0.000000,0.000000,0.000000
120888.0,2025-12-08T05:06:51.570679,113.506999,0.991514,-0.003663,0.025183,-0.127486,-0.050171,-0.015259,1.002197,0.000000,0.002131,0.000000,0.000000,0.000000,0.000000
120914.0,2025-12-08T05:06:51.570679,113.506999,0.991508,-0.004632,0.025476,-0.127441,-0.051392,-0.016602,1.001587,-0.002131,0.003196,0.000000,1.000000,-2.000000,43.000000
120939.0,2025-12-08T05:06:51.570679,113.506999,0.991483,-0.005216,0.026299,-0.127443,-0.050903,-0.016968,1.003418,-0.002131,0.001065,0.001065,0.000000,0.000000,0.000000
120957.0,2025-12-08T05:06:51.630799,113.567119,0.991495,-0.004245,0.026181,-0.127413,-0.051025,-0.015503,1.002563,-0.004261,0.001065,0.001065,0.000000,0.000000,0.000000
120983.0,2025-12-08T05:06:51.630799,113.567119,0.991481,-0.005230,0.026430,-0.127436,-0.051147,-0.015869,1.003174,-0.003196,0.002131,0.000000,0.000000,0.000000,0.000000
121007.0,2025-12-08T05:06:51.687307,113.623626,0.991490,-0.004231,0.026376,-0.127416,-0.051392,-0.015503,1.002808,0.000000,0.003196,-0.001065,0.000000,0.000000,0.000000
121033.0,2025-12-08T05:06:51.687307,113.623626,0.991490,-0.005227,0.026349,-0.127383,-0.051392,-0.016113,1.002563,-0.001065,0.003196,0.001065,1.000000,0.000000,41.000000
121058.0,2025-12-08T05:06:51.687307,113.623626,0.991476,-0.004561,0.027097,-0.127359,-0.052368,-0.016235,1.001953,-0.002131,0.002131,0.000000,0.000000,0.000000,0.000000
121085.0,2025-12-08T05:06:51.753064,113.689384,0.991501,-0.004584,0.026111,-0.127367,-0.051636,-0.015869,1.002197,-0.003196,0.002131,0.000000,0.000000,0.000000,0.000000
121105.0,2025-12-08T05:06:51.754064,113.690384,0.991474,-0.004779,0.027099,-0.127363,-0.051392,-0.015991,1.003296,-0.002131,0.001065,0.000000,0.000000,0.000000,0.000000
121131.0,2025-12-08T05:06:51.811042,113.747362,0.991468,-0.005764,0.027325,-0.127326,-0.052002,-0.016357,1.002808,-0.002131,0.003196,0.001065,0.000000,-2.000000,45.000000
121156.0,2025-12-08T05:06:51.811042,113.747362,0.991494,-0.005157,0.026556,-0.127312,-0.051270,-0.016724,1.003418,-0.003196,0.002131,0.001065,0.000000,0.000000,0.000000
121181.0,2025-12-08T05:06:51.872795,113.809114,0.991520,-0.004908,0.025602,-0.127313,-0.050415,-0.016602,1.001099,-0.001065,0.002131,0.000000,0.000000,0.000000,0.000000
121210.0,2025-12-08T05:06:51.872795,113.809114,0.991517,-0.005900,0.025752,-0.127264,-0.050903,-0.016357,1.001709,-0.001065,0.001065,0.000000,1.000000,-1.000000,42.000000
121235.0,2025-12-08T05:06:51.874796,113.811116,0.991505,-0.005216,0.026483,-0.127240,-0.051758,-0.016846,1.002563,-0.002131,0.002131,0.000000,0.000000,0.000000,0.000000
121259.0,2025-12-08T05:06:51.932283,113.868603,0.991514,-0.004215,0.026465,-0.127210,-0.051392,-0.016846,1.001953,0.000000,0.003196,0.001065,0.000000,0.000000,0.000000
121279.0,2025-12-08T05:06:51.932283,113.868603,0.991512,-0.005199,0.026233,-0.127236,-0.051147,-0.016357,1.002686,-0.003196,0.002131,0.000000,0.000000,0.000000,0.000000
121304.0,2025-12-08T05:06:51.991517,113.927837,0.991505,-0.004374,0.026797,-0.127205,-0.051880,-0.015991,1.003296,-0.001065,0.001065,0.001065,0.000000,0.000000,0.000000
121330.0,2025-12-08T05:06:51.991517,113.927837,0.991503,-0.005382,0.026770,-0.127187,-0.050537,-0.017334,1.002319,-0.002131,0.002131,0.000000,0.000000,-1.000000,41.000000
121356.0,2025-12-08T05:06:51.993535,113.929855,0.991523,-0.004530,0.026277,-0.127164,-0.051270,-0.015869,1.003418,-0.003196,0.000000,0.001065,0.000000,0.000000,0.000000
121380.0,2025-12-08T05:06:52.052345,113.988665,0.991517,-0.003684,0.026799,-0.127132,-0.051514,-0.015137,1.000854,-0.003196,0.002131,0.001065,0.000000,0.000000,0.000000
121405.0,2025-12-08T05:06:52.052345,113.988665,0.991501,-0.004628,0.027148,-0.127149,-0.052612,-0.015381,1.001099,-0.001065,0.002131,0.001065,0.000000,0.000000,0.000000
121431.0,2025-12-08T05:06:52.111364,114.047684,0.991490,-0.003652,0.027287,-0.127235,-0.051147,-0.018188,1.001465,-0.002131,0.002131,0.000000,1.000000,1.000000,42.000000
121455.0,2025-12-08T05:06:52.112360,114.048680,0.991506,-0.004249,0.026493,-0.127261,-0.051270,-0.015381,1.002319,-0.003196,0.003196,-0.001065,0.000000,0.000000,0.000000
121480.0,2025-12-08T05:06:52.174325,114.110645,0.991532,-0.004059,0.025527,-0.127263,-0.051392,-0.015137,1.003052,-0.002131,0.002131,0.000000,0.000000,0.000000,0.000000
121500.0,2025-12-08T05:06:52.174325,114.110645,0.991509,-0.004772,0.026237,-0.127275,-0.051392,-0.016724,1.002075,-0.001065,0.001065,0.000000,0.000000,0.000000,0.000000
121527.0,2025-12-08T05:06:52.176600,114.112920,0.991493,-0.003902,0.026722,-0.127325,-0.052002,-0.017578,1.002197,-0.001065,0.001065,0.000000,0.000000,2.000000,46.000000
121552.0,2025-12-08T05:06:52.232998,114.169317,0.991512,-0.004389,0.025856,-0.127343,-0.050171,-0.015381,1.002319,-0.002131,0.002131,0.000000,0.000000,0.000000,0.000000
121576.0,2025-12-08T05:06:52.233991,114.170311,0.991494,-0.003904,0.026742,-0.127319,-0.051147,-0.015015,1.002319,-0.002131,0.003196,0.001065,0.000000,0.000000,0.000000
121601.0,2025-12-08T05:06:52.292315,114.228635,0.991495,-0.004842,0.026397,-0.127345,-0.051147,-0.016602,1.002075,-0.001065,0.002131,0.000000,0.000000,0.000000,0.000000
121627.0,2025-12-08T05:06:52.292315,114.228635,0.991492,-0.005850,0.026419,-0.127323,-0.050659,-0.016846,1.003418,-0.002131,0.002131,0.000000,0.000000,-1.000000,42.000000
121652.0,2025-12-08T05:06:52.294320,114.230640,0.991510,-0.004918,0.026076,-0.127297,-0.050415,-0.015503,1.002319,-0.001065,0.001065,0.001065,0.000000,0.000000,0.000000
121672.0,2025-12-08T05:06:52.351423,114.287743,0.991535,-0.004849,0.025098,-0.127302,-0.050171,-0.016357,1.002930,-0.002131,0.003196,0.000000,0.000000,0.000000,0.000000
121697.0,2025-12-08T05:06:52.352095,114.288415,0.991508,-0.005045,0.026092,-0.127304,-0.051147,-0.016846,1.002075,-0.003196,0.002131,-0.001065,0.000000,0.000000,0.000000
121724.0,2025-12-08T05:06:52.402515,114.338835,0.991493,-0.004145,0.026501,-0.127367,-0.052246,-0.016357,1.002686,-0.003196,0.002131,0.000000,1.000000,2.000000,42.000000
121749.0,2025-12-08T05:06:52.402515,114.338835,0.991486,-0.005149,0.026474,-0.127393,-0.051514,-0.015869,1.001587,-0.001065,0.001065,0.000000,0.000000,0.000000,0.000000
121774.0,2025-12-08T05:06:52.402515,114.338835,0.991511,-0.004583,0.025670,-0.127385,-0.050293,-0.015991,1.002930,-0.003196,0.001065,0.000000,0.000000,0.000000,0.000000
121798.0,2025-12-08T05:06:52.467922,114.404242,0.991484,-0.004866,0.026642,-0.127378,-0.051758,-0.016479,1.001587,-0.002131,0.002131,0.001065,0.000000,0.000000,0.000000
121824.0,2025-12-08T05:06:52.467922,114.404242,0.991479,-0.003896,0.026838,-0.127412,-0.050537,-0.015869,1.002075,-0.002131,0.001065,0.000000,0.000000,1.000000,49.000000
121848.0,2025-12-08T05:06:52.518594,114.454914,0.991482,-0.004833,0.026485,-0.127434,-0.051270,-0.016724,1.002563,-0.002131,0.003196,0.001065,0.000000,0.000000,0.000000
121868.0,2025-12-08T05:06:52.533528,114.469847,0.991501,-0.005267,0.025601,-0.127447,-0.050903,-0.016602,1.002808,-0.001065,0.003196,0.001065,0.000000,0.000000,0.000000
121893.0,2025-12-08T05:06:52.534549,114.470869,0.991505,-0.004282,0.025767,-0.127416,-0.049927,-0.015747,1.001465,-0.001065,0.003196,0.001065,0.000000,0.000000,0.000000
121916.0,2025-12-08T05:06:52.591027,114.527347,0.991484,-0.003480,0.026343,-0.127490,-0.052002,-0.016479,1.003662,-0.003196,0.001065,0.001065,0.000000,4.000000,44.000000
121941.0,2025-12-08T05:06:52.593506,114.529825,0.991478,-0.004488,0.026301,-0.127516,-0.051147,-0.015747,1.002075,-0.002131,0.002131,0.000000,0.000000,0.000000,0.000000
121966.0,2025-12-08T05:06:52.651844,114.588164,0.991456,-0.005325,0.026868,-0.127532,-0.051514,-0.016357,1.001465,-0.002131,0.001065,0.000000,0.000000,0.000000,0.000000
121991.0,2025-12-08T05:06:52.653163,114.589483,0.991478,-0.004496,0.026328,-0.127509,-0.051270,-0.015747,1.001831,-0.002131,0.000000,0.001065,0.000000,0.000000,0.000000
122016.0,2025-12-08T05:06:52.654548,114.590868,0.991455,-0.005303,0.026953,-0.127524,-0.051758,-0.016602,1.001709,-0.003196,0.003196,0.000000,0.000000,0.000000,0.000000
122039.0,2025-12-08T05:06:52.701599,114.637918,0.991449,-0.006294,0.027119,-0.127488,-0.050659,-0.015503,1.002075,-0.001065,0.002131,0.000000,0.000000,-2.000000,46.000000
122065.0,2025-12-08T05:06:52.701599,114.637918,0.991469,-0.005422,0.026671,-0.127469,-0.051025,-0.015747,1.002808,-0.003196,0.002131,0.000000,0.000000,0.000000,0.000000
122085.0,2025-12-08T05:06:52.772146,114.708466,0.991490,-0.004597,0.026128,-0.127452,-0.051147,-0.016357,1.003784,-0.002131,0.001065,0.000000,0.000000,0.000000,0.000000
122110.0,2025-12-08T05:06:52.773140,114.709460,0.991482,-0.005606,0.026149,-0.127472,-0.050781,-0.016479,1.002808,-0.002131,0.001065,0.001065,0.000000,0.000000,0.000000
122136.0,2025-12-08T05:06:52.774139,114.710459,0.991469,-0.004707,0.026574,-0.127520,-0.050659,-0.015869,1.003540,-0.002131,0.002131,0.000000,0.000000,2.000000,40.000000
122161.0,2025-12-08T05:06:52.823259,114.759579,0.991494,-0.004150,0.025759,-0.127511,-0.051636,-0.016113,1.002686,-0.002131,0.001065,0.000000,0.000000,0.000000,0.000000
122186.0,2025-12-08T05:06:52.833356,114.769676,0.991473,-0.005007,0.026295,-0.127534,-0.051392,-0.017456,1.002075,-0.002131,0.001065,-0.001065,0.000000,0.000000,0.000000
122207.0,2025-12-08T05:06:52.887801,114.824121,0.991480,-0.004017,0.026298,-0.127513,-0.051147,-0.015869,1.002197,-0.002131,0.002131,-0.001065,0.000000,0.000000,0.000000
122233.0,2025-12-08T05:06:52.887801,114.824121,0.991464,-0.003179,0.026857,-0.127546,-0.051880,-0.014282,1.002563,-0.001065,0.004261,0.000000,-1.000000,2.000000,44.000000
122253.0,2025-12-08T05:06:52.887801,114.824121,0.991459,-0.004187,0.026759,-0.127572,-0.051880,-0.016479,1.002930,-0.003196,0.002131,0.000000,0.000000,0.000000,0.000000
122274.0,2025-12-08T05:06:52.955015,114.891335,0.991469,-0.004997,0.026174,-0.127592,-0.051392,-0.015991,1.001831,-0.001065,0.001065,0.001065,0.000000,0.000000,0.000000
122299.0,2025-12-08T05:06:52.955015,114.891335,0.991484,-0.004044,0.025915,-0.127564,-0.050659,-0.015869,1.001465,-0.002131,0.002131,0.001065,0.000000,0.000000,0.000000
122325.0,2025-12-08T05:06:53.012121,114.948441,0.991466,-0.003197,0.026437,-0.127613,-0.051636,-0.016968,1.002563,-0.002131,0.002131,0.001065,0.000000,2.000000,41.000000
122350.0,2025-12-08T05:06:53.013111,114.949431,0.991452,-0.004152,0.026775,-0.127630,-0.052124,-0.014771,1.002197,-0.002131,0.003196,0.001065,0.000000,0.000000,0.000000
122375.0,2025-12-08T05:06:53.014019,114.950339,0.991447,-0.005150,0.026639,-0.127657,-0.051880,-0.016357,1.002319,-0.002131,0.002131,0.000000,0.000000,0.000000,0.000000
122392.0,2025-12-08T05:06:53.117319,115.053639,0.991467,-0.005535,0.025731,-0.127674,-0.050659,-0.017334,1.001709,-0.002131,0.003196,0.000000,0.000000,0.000000,0.000000
122418.0,2025-12-08T05:06:53.117319,115.053639,0.991455,-0.004642,0.026170,-0.127713,-0.050537,-0.015869,1.002808,-0.002131,0.002131,0.001065,0.000000,2.000000,43.000000
122444.0,2025-12-08T05:06:53.117319,115.053639,0.991429,-0.004545,0.027175,-0.127708,-0.052612,-0.015991,1.002686,-0.002131,0.002131,-0.001065,0.000000,0.000000,0.000000
122469.0,2025-12-08T05:06:53.134025,115.070345,0.991448,-0.004989,0.026290,-0.127726,-0.051880,-0.016357,1.001953,-0.001065,0.002131,0.000000,0.000000,0.000000,0.000000
122518.0,2025-12-08T05:06:53.190267,115.126587,0.991447,-0.004426,0.026555,-0.127704,-0.051880,-0.015625,1.002930,-0.003196,0.003196,0.001065,0.000000,0.000000,0.000000
122544.0,2025-12-08T05:06:53.190267,115.126587,0.991433,-0.003506,0.026934,-0.127764,-0.052734,-0.015381,1.002686,-0.001065,0.001065,0.001065,1.000000,2.000000,42.000000
122569.0,2025-12-08T05:06:53.254222,115.190542,0.991428,-0.004513,0.026873,-0.127785,-0.051880,-0.017944,1.001831,-0.002131,0.001065,0.001065,0.000000,0.000000,0.000000
122589.0,2025-12-08T05:06:53.254222,115.190542,0.991454,-0.004321,0.025911,-0.127781,-0.051270,-0.015503,1.001099,-0.004261,0.002131,0.001065,0.000000,0.000000,0.000000
122614.0,2025-12-08T05:06:53.255214,115.191534,0.991428,-0.004900,0.026743,-0.127794,-0.051147,-0.015869,1.002197,-0.002131,0.002131,-0.001065,0.000000,0.000000,0.000000
122640.0,2025-12-08T05:06:53.309557,115.245877,0.991418,-0.003931,0.026991,-0.127849,-0.051758,-0.016968,1.001953,0.000000,0.002131,0.001065,1.000000,1.000000,42.000000
122665.0,2025-12-08T05:06:53.309557,115.245877,0.991426,-0.004770,0.026440,-0.127880,-0.050537,-0.017334,1.003174,-0.001065,0.000000,-0.001065,0.000000,0.000000,0.000000
122690.0,2025-12-08T05:06:53.368477,115.304797,0.991414,-0.005774,0.026548,-0.127905,-0.051392,-0.016846,1.002563,-0.002131,0.003196,0.000000,0.000000,0.000000,0.000000
122715.0,2025-12-08T05:06:53.368477,115.304797,0.991435,-0.004956,0.026008,-0.127888,-0.050415,-0.016357,1.002808,-0.003196,0.002131,0.000000,0.000000,0.000000,0.000000
122741.0,2025-12-08T05:06:53.429528,115.365848,0.991422,-0.004037,0.026397,-0.127946,-0.051636,-0.016235,1.003296,-0.001065,0.002131,0.001065,1.000000,2.000000,44.000000
122765.0,2025-12-08T05:06:53.432929,115.369249,0.991413,-0.005045,0.026446,-0.127965,-0.051392,-0.015869,1.002075,-0.002131,0.002131,0.001065,0.000000,0.000000,0.000000
122790.0,2025-12-08T05:06:53.433943,115.370263,0.991422,-0.004062,0.026402,-0.127940,-0.051392,-0.015747,1.001831,-0.003196,0.002131,0.000000,0.000000,0.000000,0.000000
122812.0,2025-12-08T05:06:53.484148,115.420468,0.991422,-0.005016,0.026103,-0.127966,-0.050781,-0.016235,1.001099,-0.001065,0.002131,0.000000,0.000000,0.000000,0.000000
122838.0,2025-12-08T05:06:53.484148,115.420468,0.991411,-0.004085,0.026438,-0.128019,-0.051392,-0.017090,1.001221,-0.002131,0.001065,0.001065,1.000000,1.000000,40.000000
122867.0,2025-12-08T05:06:53.550860,115.487180,0.991388,-0.004823,0.027116,-0.128028,-0.052612,-0.016479,1.001221,0.000000,0.001065,0.001065,0.000000,0.000000,0.000000
122896.0,2025-12-08T05:06:53.550860,115.487180,0.991415,-0.004400,0.026228,-0.128019,-0.050537,-0.015137,1.002808,-0.002131,0.002131,0.001065,0.000000,0.000000,0.000000
122926.0,2025-12-08T05:06:53.602386,115.538706,0.991399,-0.003675,0.026803,-0.128046,-0.051392,-0.015747,1.000610,-0.003196,0.002131,0.000000,0.000000,0.000000,43.000000
122950.0,2025-12-08T05:06:53.602386,115.538706,0.991397,-0.004669,0.026646,-0.128067,-0.051514,-0.017090,1.002319,-0.002131,0.002131,0.001065,0.000000,0.000000,0.000000
122979.0,2025-12-08T05:06:53.602386,115.538706,0.991416,-0.003798,0.026174,-0.128043,-0.051392,-0.015015,1.002441,-0.001065,0.002131,0.001065,0.000000,0.000000,0.000000
123006.0,2025-12-08T05:06:53.668221,115.604540,0.991404,-0.004784,0.026376,-0.128061,-0.051270,-0.016602,1.002686,-0.001065,0.003196,0.001065,0.000000,0.000000,0.000000
123032.0,2025-12-08T05:06:53.668221,115.604540,0.991406,-0.005778,0.026444,-0.127989,-0.051758,-0.016113,1.003174,0.000000,0.001065,0.000000,2.000000,-1.000000,43.000000
123057.0,2025-12-08T05:06:53.733190,115.669509,0.991420,-0.004808,0.026254,-0.127960,-0.051025,-0.016113,1.003174,-0.002131,0.002131,0.001065,0.000000,0.000000,0.000000
123082.0,2025-12-08T05:06:53.734218,115.670537,0.991413,-0.003966,0.026797,-0.127934,-0.051758,-0.015503,1.003418,-0.001065,0.002131,0.000000,0.000000,0.000000,0.000000
123102.0,2025-12-08T05:06:53.735215,115.671535,0.991410,-0.004942,0.026584,-0.127961,-0.051514,-0.016968,1.002686,-0.001065,0.003196,0.000000,0.000000,0.000000,0.000000
123137.0,2025-12-08T05:06:53.785057,115.721377,0.991429,-0.005669,0.025905,-0.127929,-0.050415,-0.016602,1.002197,-0.003196,0.001065,0.001065,1.000000,0.000000,45.000000
123157.0,2025-12-08T05:06:53.785057,115.721377,0.991427,-0.004763,0.026320,-0.127897,-0.051025,-0.016357,1.001831,-0.002131,0.002131,0.001065,0.000000,0.000000,0.000000
123182.0,2025-12-08T05:06:53.851237,115.787556,0.991451,-0.004907,0.025342,-0.127904,-0.050903,-0.016235,1.001953,-0.001065,0.002131,0.001065,0.000000,0.000000,0.000000
123207.0,2025-12-08T05:06:53.851237,115.787556,0.991427,-0.004832,0.026355,-0.127888,-0.051147,-0.016357,1.002075,-0.002131,0.003196,0.001065,0.000000,0.000000,0.000000
123229.0,2025-12-08T05:06:53.901191,115.837511,0.991426,-0.003864,0.026529,-0.127888,-0.051636,-0.015015,1.001953,-0.002131,0.001065,0.000000,0.000000,0.000000,45.000000
123254.0,2025-12-08T05:06:53.901191,115.837511,0.991425,-0.004851,0.026332,-0.127909,-0.051270,-0.015991,1.002075,-0.002131,0.002131,0.001065,0.000000,0.000000,0.000000
123279.0,2025-12-08T05:06:53.901191,115.837511,0.991401,-0.004641,0.027319,-0.127890,-0.051880,-0.016357,1.002319,0.000000,0.002131,0.001065,0.000000,0.000000,0.000000
123303.0,2025-12-08T05:06:53.970964,115.907284,0.991424,-0.004852,0.026352,-0.127908,-0.050293,-0.016479,1.003662,-0.003196,0.002131,-0.001065,0.000000,0.000000,0.000000
123329.0,2025-12-08T05:06:53.971734,115.908054,0.991408,-0.004099,0.026973,-0.127930,-0.052002,-0.016724,1.003174,0.000000,0.002131,0.000000,0.000000,0.000000,44.000000
123351.0,2025-12-08T05:06:54.025931,115.962251,0.991423,-0.004766,0.026233,-0.127948,-0.050781,-0.016357,1.002930,-0.002131,0.002131,0.001065,0.000000,0.000000,0.000000
123375.0,2025-12-08T05:06:54.033351,115.969671,0.991398,-0.004682,0.027239,-0.127932,-0.051392,-0.016235,1.001953,-0.001065,0.002131,0.001065,0.000000,0.000000,0.000000
123400.0,2025-12-08T05:06:54.034367,115.970686,0.991425,-0.004395,0.026292,-0.127926,-0.051514,-0.015625,1.002686,-0.002131,0.001065,0.001065,0.000000,0.000000,0.000000
123422.0,2025-12-08T05:06:54.086993,116.023312,0.991405,-0.005237,0.026860,-0.127938,-0.051392,-0.015869,1.002563,-0.002131,0.003196,0.001065,0.000000,0.000000,0.000000
123449.0,2025-12-08T05:06:54.086993,116.023312,0.991421,-0.006118,0.026391,-0.127867,-0.050659,-0.016479,1.002563,-0.002131,0.002131,-0.001065,2.000000,0.000000,43.000000
123470.0,2025-12-08T05:06:54.151507,116.087827,0.991427,-0.005139,0.026528,-0.127840,-0.051758,-0.015869,1.002686,-0.003196,0.003196,0.000000,0.000000,0.000000,0.000000
123490.0,2025-12-08T05:06:54.151507,116.087827,0.991433,-0.004151,0.026613,-0.127808,-0.051758,-0.015747,1.002563,-0.002131,0.002131,0.001065,0.000000,0.000000,0.000000
123515.0,2025-12-08T05:06:54.151507,116.087827,0.991422,-0.005152,0.026750,-0.127827,-0.051880,-0.017578,1.001953,-0.002131,0.002131,0.001065,0.000000,0.000000,0.000000
123537.0,2025-12-08T05:06:54.203951,116.140270,0.991442,-0.004698,0.025883,-0.127867,-0.049805,-0.017578,1.002930,-0.002131,0.001065,0.000000,0.000000,0.000000,43.000000
123562.0,2025-12-08T05:06:54.203951,116.140270,0.991468,-0.004254,0.025005,-0.127857,-0.049438,-0.015381,1.003418,-0.002131,0.002131,0.001065,0.000000,0.000000,0.000000
123587.0,2025-12-08T05:06:54.266256,116.202576,0.991441,-0.004438,0.026003,-0.127859,-0.052124,-0.015991,1.002197,-0.001065,0.003196,-0.001065,0.000000,0.000000,0.000000
123612.0,2025-12-08T05:06:54.266256,116.202576,0.991427,-0.005411,0.026281,-0.127876,-0.050781,-0.016724,1.002197,-0.002131,0.002131,0.001065,0.000000,0.000000,0.000000
123638.0,2025-12-08T05:06:54.266256,116.202576,0.991427,-0.006413,0.026287,-0.127828,-0.050293,-0.017456,1.001953,-0.001065,0.002131,0.000000,1.000000,-1.000000,42.000000
123667.0,2025-12-08T05:06:54.332780,116.269100,0.991436,-0.005425,0.026348,-0.127792,-0.051514,-0.015259,1.003296,-0.002131,0.001065,0.002131,0.000000,0.000000,0.000000
123687.0,2025-12-08T05:06:54.333811,116.270131,0.991443,-0.004430,0.026395,-0.127766,-0.051270,-0.015991,1.001587,-0.001065,0.002131,0.000000,0.000000,0.000000,0.000000
123712.0,2025-12-08T05:06:54.392307,116.328627,0.991443,-0.005393,0.026095,-0.127792,-0.050781,-0.016846,1.002075,-0.003196,0.002131,0.000000,0.000000,0.000000,0.000000
123738.0,2025-12-08T05:06:54.392307,116.328627,0.991432,-0.004542,0.026593,-0.127805,-0.051392,-0.017456,1.002441,-0.002131,0.003196,0.001065,0.000000,0.000000,46.000000
123763.0,2025-12-08T05:06:54.450969,116.387289,0.991424,-0.003701,0.027134,-0.127784,-0.052002,-0.015625,1.003052,-0.003196,0.004261,-0.001065,0.000000,0.000000,0.000000
123788.0,2025-12-08T05:06:54.450969,116.387289,0.991419,-0.004699,0.027024,-0.127816,-0.052612,-0.015869,1.001709,-0.002131,0.004261,-0.001065,0.000000,0.000000,0.000000
123813.0,2025-12-08T05:06:54.450969,116.387289,0.991443,-0.004878,0.026052,-0.127823,-0.051147,-0.016357,1.002808,-0.002131,0.002131,0.001065,0.000000,0.000000,0.000000
123833.0,2025-12-08T05:06:54.502511,116.438831,0.991429,-0.004107,0.026660,-0.127829,-0.052002,-0.016113,1.003784,-0.002131,0.001065,0.000000,0.000000,0.000000,46.000000
123858.0,2025-12-08T05:06:54.502511,116.438831,0.991437,-0.004949,0.026120,-0.127850,-0.051147,-0.015991,1.002075,-0.002131,0.002131,0.001065,0.000000,0.000000,0.000000
123878.0,2025-12-08T05:06:54.502511,116.438831,0.991410,-0.005067,0.027123,-0.127844,-0.051880,-0.016846,1.003296,-0.001065,0.002131,0.000000,0.000000,0.000000,0.000000
123903.0,2025-12-08T05:06:54.568745,116.505065,0.991437,-0.004989,0.026135,-0.127850,-0.051758,-0.016846,1.002808,-0.002131,0.001065,0.000000,0.000000,0.000000,0.000000
123929.0,2025-12-08T05:06:54.568745,116.505065,0.991418,-0.004272,0.026827,-0.127881,-0.051025,-0.015747,1.002808,-0.003196,0.002131,-0.001065,-2.000000,2.000000,42.000000
123950.0,2025-12-08T05:06:54.618693,116.555012,0.991435,-0.004801,0.025977,-0.127900,-0.050415,-0.016235,1.002930,-0.003196,0.001065,0.000000,0.000000,0.000000,0.000000
123975.0,2025-12-08T05:06:54.618693,116.555012,0.991409,-0.004901,0.026984,-0.127894,-0.051636,-0.016479,1.001221,-0.002131,0.002131,0.000000,0.000000,0.000000,0.000000
124004.0,2025-12-08T05:06:54.688151,116.624470,0.991414,-0.005785,0.026506,-0.127916,-0.052124,-0.017212,1.003296,-0.002131,0.001065,0.001065,0.000000,0.000000,0.000000
124034.0,2025-12-08T05:06:54.688151,116.624470,0.991403,-0.004884,0.026922,-0.127953,-0.052002,-0.016235,1.003540,-0.002131,0.001065,0.001065,0.000000,2.000000,45.000000
124058.0,2025-12-08T05:06:54.688151,116.624470,0.991425,-0.005168,0.025975,-0.127963,-0.050903,-0.016846,1.001709,-0.001065,0.002131,0.001065,0.000000,0.000000,0.000000
124084.0,2025-12-08T05:06:54.751798,116.688118,0.991430,-0.004190,0.026142,-0.127931,-0.051025,-0.014893,1.003296,-0.002131,0.002131,0.001065,0.000000,0.000000,0.000000
124112.0,2025-12-08T05:06:54.751798,116.688118,0.991414,-0.005147,0.026468,-0.127947,-0.051392,-0.017334,1.002197,-0.002131,0.002131,0.001065,0.000000,0.000000,0.000000
124142.0,2025-12-08T05:06:54.802121,116.738441,0.991434,-0.005849,0.025807,-0.127902,-0.050781,-0.016724,1.002930,-0.002131,0.001065,0.000000,1.000000,0.000000,46.000000
124171.0,2025-12-08T05:06:54.802121,116.738441,0.991437,-0.004877,0.026037,-0.127871,-0.051025,-0.015137,1.002808,-0.001065,0.002131,0.001065,0.000000,0.000000,0.000000
124200.0,2025-12-08T05:06:54.871909,116.808229,0.991423,-0.004250,0.026823,-0.127843,-0.051514,-0.015869,1.003662,-0.001065,0.002131,0.001065,0.000000,0.000000,0.000000
124230.0,2025-12-08T05:06:54.872906,116.809226,0.991431,-0.003378,0.026501,-0.127868,-0.051880,-0.015137,1.002930,-0.002131,0.003196,-0.001065,0.000000,0.000000,45.000000
124254.0,2025-12-08T05:06:54.932003,116.868323,0.991424,-0.004387,0.026520,-0.127893,-0.051514,-0.016724,1.002808,-0.002131,0.002131,0.000000,0.000000,0.000000,0.000000
124279.0,2025-12-08T05:06:54.933185,116.869505,0.991446,-0.004698,0.025575,-0.127903,-0.050537,-0.015747,1.002319,-0.001065,0.001065,0.001065,0.000000,0.000000,0.000000
124304.0,2025-12-08T05:06:54.987363,116.923683,0.991427,-0.004267,0.026478,-0.127879,-0.051636,-0.015259,1.002441,-0.002131,0.001065,0.001065,0.000000,0.000000,0.000000
124334.0,2025-12-08T05:06:54.987363,116.923683,0.991412,-0.003378,0.026920,-0.127931,-0.050781,-0.017212,1.001709,-0.001065,0.000000,0.001065,0.000000,2.000000,42.000000
124358.0,2025-12-08T05:06:54.994532,116.930852,0.991420,-0.004237,0.026398,-0.127951,-0.050537,-0.016235,1.002075,-0.003196,0.002131,0.001065,0.000000,0.000000,0.000000
124387.0,2025-12-08T05:06:55.050964,116.987284,0.991393,-0.004577,0.027344,-0.127952,-0.052002,-0.015503,1.001465,-0.001065,0.001065,0.000000,0.000000,0.000000,0.000000
124407.0,2025-12-08T05:06:55.052095,116.988415,0.991421,-0.004404,0.026366,-0.127945,-0.052002,-0.015747,1.001587,0.000000,0.001065,0.002131,0.000000,0.000000,0.000000
124433.0,2025-12-08T05:06:55.101785,117.038105,0.991411,-0.003505,0.026792,-0.127960,-0.050537,-0.016113,1.001587,-0.002131,0.002131,0.001065,-1.000000,1.000000,46.000000
124458.0,2025-12-08T05:06:55.101785,117.038105,0.991415,-0.004427,0.026398,-0.127987,-0.050903,-0.016357,1.002319,-0.002131,0.002131,0.000000,0.000000,0.000000,0.000000
124483.0,2025-12-08T05:06:55.216830,117.153150,0.991426,-0.003453,0.026233,-0.127962,-0.051392,-0.014771,1.002930,-0.002131,0.002131,0.000000,0.000000,0.000000,0.000000
124508.0,2025-12-08T05:06:55.232834,117.169154,0.991411,-0.004391,0.026600,-0.127979,-0.052124,-0.016846,1.002808,-0.001065,0.002131,0.001065,0.000000,0.000000,0.000000
124534.0,2025-12-08T05:06:55.233638,117.169958,0.991389,-0.005266,0.027021,-0.128024,-0.052002,-0.017944,1.001831,-0.001065,0.002131,0.001065,0.000000,0.000000,40.000000
124557.0,2025-12-08T05:06:55.233638,117.169958,0.991413,-0.004577,0.026320,-0.128012,-0.051025,-0.015625,1.002197,-0.003196,0.001065,0.000000,0.000000,0.000000,0.000000
124602.0,2025-12-08T05:06:55.233638,117.169958,0.991396,-0.004625,0.026942,-0.128013,-0.052490,-0.016724,1.002563,-0.002131,0.003196,0.000000,0.000000,0.000000,0.000000
124632.0,2025-12-08T05:06:55.289465,117.225785,0.991402,-0.005590,0.026708,-0.127975,-0.052002,-0.016479,1.002197,-0.002131,0.003196,0.001065,1.000000,0.000000,44.000000
124657.0,2025-12-08T05:06:55.289465,117.225785,0.991419,-0.004661,0.026377,-0.127948,-0.051147,-0.015503,1.002075,-0.002131,0.002131,0.001065,0.000000,0.000000,0.000000
124679.0,2025-12-08T05:06:55.350264,117.286584,0.991440,-0.005038,0.025462,-0.127960,-0.050537,-0.016235,1.001831,-0.001065,0.002131,0.001065,0.000000,0.000000,0.000000
124705.0,2025-12-08T05:06:55.350264,117.286584,0.991414,-0.005373,0.026415,-0.127955,-0.051392,-0.017578,1.002319,-0.001065,0.002131,0.001065,0.000000,0.000000,0.000000
124730.0,2025-12-08T05:06:55.400273,117.336592,0.991396,-0.004888,0.027295,-0.127929,-0.052490,-0.016968,1.002808,-0.002131,0.002131,0.001065,0.000000,0.000000,0.000000
124756.0,2025-12-08T05:06:55.400273,117.336592,0.991376,-0.003989,0.027710,-0.128026,-0.050293,-0.015991,1.001465,-0.002131,0.002131,0.000000,1.000000,4.000000,44.000000
124776.0,2025-12-08T05:06:55.400273,117.336592,0.991391,-0.004639,0.026956,-0.128048,-0.051514,-0.016724,1.002197,-0.002131,0.002131,0.000000,0.000000,0.000000,0.000000
124796.0,2025-12-08T05:06:55.469961,117.406281,0.991411,-0.005046,0.026051,-0.128060,-0.051392,-0.016479,1.002808,-0.003196,0.002131,0.001065,0.000000,0.000000,0.000000
124821.0,2025-12-08T05:06:55.469961,117.406281,0.991385,-0.005163,0.027055,-0.128055,-0.051514,-0.016968,1.001343,-0.002131,0.002131,0.000000,0.000000,0.000000,0.000000
124847.0,2025-12-08T05:06:55.531506,117.467826,0.991391,-0.004192,0.026933,-0.128068,-0.052002,-0.016479,1.001709,-0.002131,0.002131,0.000000,0.000000,0.000000,43.000000
124872.0,2025-12-08T05:06:55.533161,117.469481,0.991400,-0.005012,0.026361,-0.128088,-0.051270,-0.016602,1.002197,-0.002131,0.002131,0.001065,0.000000,0.000000,0.000000
124897.0,2025-12-08T05:06:55.533161,117.469481,0.991419,-0.004136,0.025895,-0.128064,-0.050781,-0.015747,1.002075,-0.001065,0.001065,0.001065,0.000000,0.000000,0.000000
124919.0,2025-12-08T05:06:55.586658,117.522977,0.991408,-0.005140,0.026049,-0.128082,-0.050537,-0.016479,1.003174,-0.003196,0.002131,0.001065,0.000000,0.000000,0.000000
124945.0,2025-12-08T05:06:55.586658,117.522977,0.991395,-0.004238,0.026456,-0.128135,-0.052368,-0.016113,1.001953,-0.003196,0.002131,0.001065,1.000000,2.000000,46.000000
124967.0,2025-12-08T05:06:55.649691,117.586011,0.991393,-0.005218,0.026227,-0.128161,-0.051025,-0.016602,1.002197,-0.002131,0.002131,0.000000,0.000000,0.000000,0.000000
124987.0,2025-12-08T05:06:55.649691,117.586011,0.991389,-0.004318,0.026649,-0.128134,-0.051392,-0.016235,1.001953,-0.002131,0.001065,0.000000,0.000000,0.000000,0.000000
125012.0,2025-12-08T05:06:55.649691,117.586011,0.991415,-0.003886,0.025775,-0.128129,-0.051270,-0.015015,1.002319,-0.002131,0.004261,0.000000,0.000000,0.000000,0.000000
125035.0,2025-12-08T05:06:55.699893,117.636213,0.991391,-0.003076,0.026350,-0.128216,-0.051025,-0.016357,1.001343,-0.002131,0.002131,-0.001065,0.000000,4.000000,44.000000
125060.0,2025-12-08T05:06:55.699893,117.636213,0.991384,-0.004089,0.026397,-0.128236,-0.051392,-0.015991,1.002930,-0.003196,0.002131,0.001065,0.000000,0.000000,0.000000
125085.0,2025-12-08T05:06:55.772383,117.708703,0.991379,-0.005094,0.026309,-0.128257,-0.051270,-0.015991,1.002808,-0.002131,0.001065,0.001065,0.000000,0.000000,0.000000
125110.0,2025-12-08T05:06:55.772383,117.708703,0.991370,-0.004300,0.026916,-0.128231,-0.052490,-0.015381,1.001831,-0.002131,0.002131,0.000000,0.000000,0.000000,0.000000
125136.0,2025-12-08T05:06:55.773397,117.709717,0.991361,-0.003352,0.027219,-0.128262,-0.051514,-0.015869,1.002319,-0.002131,0.003196,0.002131,0.000000,1.000000,37.000000
125161.0,2025-12-08T05:06:55.831322,117.767642,0.991375,-0.004064,0.026521,-0.128280,-0.050537,-0.015747,1.001465,-0.002131,0.002131,0.001065,0.000000,0.000000,0.000000
125181.0,2025-12-08T05:06:55.832882,117.769202,0.991378,-0.004997,0.026139,-0.128306,-0.050415,-0.017212,1.002930,-0.003196,0.002131,0.000000,0.000000,0.000000,0.000000
125206.0,2025-12-08T05:06:55.891418,117.827738,0.991369,-0.004192,0.026725,-0.128280,-0.051758,-0.015625,1.003052,-0.002131,0.001065,0.000000,0.000000,0.000000,0.000000
125232.0,2025-12-08T05:06:55.892420,117.828740,0.991360,-0.003236,0.027007,-0.128317,-0.051270,-0.016113,1.002441,-0.001065,0.002131,0.001065,0.000000,1.000000,45.000000
125257.0,2025-12-08T05:06:55.894427,117.830746,0.991366,-0.004143,0.026573,-0.128338,-0.050659,-0.016846,1.002808,-0.002131,0.001065,0.001065,0.000000,0.000000,0.000000
125279.0,2025-12-08T05:06:55.949426,117.885746,0.991368,-0.005086,0.026215,-0.128364,-0.051514,-0.015625,1.002197,-0.003196,0.002131,0.000000,0.000000,0.000000,0.000000
125305.0,2025-12-08T05:06:55.949426,117.885746,0.991357,-0.004327,0.026872,-0.128334,-0.052612,-0.015259,1.001953,-0.001065,0.002131,0.001065,0.000000,0.000000,0.000000
125330.0,2025-12-08T05:06:56.001591,117.937911,0.991360,-0.005238,0.026481,-0.128361,-0.050903,-0.017944,1.002441,0.000000,0.003196,0.000000,0.000000,0.000000,0.000000
125356.0,2025-12-08T05:06:56.001591,117.937911,0.991374,-0.004398,0.025980,-0.128387,-0.049927,-0.016968,1.001465,-0.002131,0.001065,0.000000,0.000000,0.000000,45.000000
125376.0,2025-12-08T05:06:56.014584,117.950903,0.991347,-0.004850,0.026883,-0.128397,-0.051025,-0.015747,1.002808,-0.001065,0.002131,-0.001065,0.000000,0.000000,0.000000
125402.0,2025-12-08T05:06:56.067649,118.003968,0.991373,-0.004551,0.025945,-0.128396,-0.051514,-0.016235,1.001831,-0.002131,0.002131,0.000000,0.000000,0.000000,0.000000
125431.0,2025-12-08T05:06:56.067649,118.003968,0.991358,-0.003676,0.026424,-0.128441,-0.051147,-0.018066,1.001709,-0.002131,0.003196,0.000000,0.000000,1.000000,44.000000
125460.0,2025-12-08T05:06:56.134472,118.070792,0.991370,-0.004403,0.025746,-0.128464,-0.050049,-0.015381,1.001709,-0.001065,0.002131,0.000000,0.000000,0.000000,0.000000
125488.0,2025-12-08T05:06:56.135891,118.072211,0.991343,-0.004903,0.026628,-0.128475,-0.051514,-0.016479,1.002075,-0.001065,0.003196,-0.001065,0.000000,0.000000,0.000000
125509.0,2025-12-08T05:06:56.190476,118.126796,0.991339,-0.005886,0.026415,-0.128507,-0.051270,-0.017944,1.002808,-0.002131,0.002131,-0.001065,0.000000,0.000000,0.000000
125535.0,2025-12-08T05:06:56.190476,118.126796,0.991334,-0.004921,0.026617,-0.128545,-0.051025,-0.016357,1.002319,-0.003196,0.002131,0.001065,1.000000,1.000000,43.000000
125555.0,2025-12-08T05:06:56.190476,118.126796,0.991341,-0.003930,0.026721,-0.128508,-0.052124,-0.015015,1.003052,-0.001065,0.001065,0.002131,0.000000,0.000000,0.000000
125578.0,2025-12-08T05:06:56.250904,118.187223,0.991351,-0.004721,0.026110,-0.128527,-0.051147,-0.015747,1.002808,-0.001065,0.001065,0.001065,0.000000,0.000000,0.000000
125603.0,2025-12-08T05:06:56.250904,118.187223,0.991334,-0.005668,0.026448,-0.128548,-0.051147,-0.017944,1.002686,-0.001065,0.001065,0.000000,0.000000,0.000000,0.000000
125628.0,2025-12-08T05:06:56.298738,118.235058,0.991338,-0.004699,0.026655,-0.128516,-0.051880,-0.015869,1.001221,-0.002131,0.001065,0.001065,0.000000,0.000000,0.000000
125654.0,2025-12-08T05:06:56.298738,118.235058,0.991332,-0.003764,0.026988,-0.128522,-0.051025,-0.015259,1.001587,-0.002131,0.001065,0.002131,-1.000000,1.000000,52.000000
125679.0,2025-12-08T05:06:56.314429,118.250749,0.991342,-0.004559,0.026394,-0.128542,-0.051514,-0.015747,1.003052,0.000000,0.002131,0.001065,0.000000,0.000000,0.000000
125703.0,2025-12-08T05:06:56.367117,118.303437,0.991318,-0.004436,0.027390,-0.128525,-0.052002,-0.015869,1.001587,-0.002131,0.001065,0.001065,0.000000,0.000000,0.000000
125728.0,2025-12-08T05:06:56.367117,118.303437,0.991345,-0.004296,0.026415,-0.128529,-0.051147,-0.015259,1.001221,-0.002131,0.002131,0.000000,0.000000,0.000000,0.000000
125750.0,2025-12-08T05:06:56.432599,118.368918,0.991334,-0.003369,0.026788,-0.128563,-0.052124,-0.015259,1.002197,-0.001065,0.002131,0.000000,0.000000,1.000000,41.000000
125775.0,2025-12-08T05:06:56.434422,118.370742,0.991340,-0.004221,0.026278,-0.128594,-0.051147,-0.015259,1.002686,0.000000,0.002131,-0.001065,0.000000,0.000000,0.000000
125800.0,2025-12-08T05:06:56.434422,118.370742,0.991331,-0.005229,0.026343,-0.128614,-0.051025,-0.017578,1.002075,-0.002131,0.001065,0.001065,0.000000,0.000000,0.000000
125829.0,2025-12-08T05:06:56.483634,118.419954,0.991344,-0.004255,0.026175,-0.128584,-0.051025,-0.016235,1.002319,-0.002131,0.002131,0.001065,0.000000,0.000000,0.000000
125855.0,2025-12-08T05:06:56.493888,118.430207,0.991341,-0.005248,0.026269,-0.128550,-0.051392,-0.016113,1.002686,-0.001065,0.000000,0.001065,1.000000,0.000000,43.000000
125872.0,2025-12-08T05:06:56.553570,118.489889,0.991347,-0.004267,0.026363,-0.128518,-0.051147,-0.016235,1.002441,-0.003196,0.001065,0.001065,0.000000,0.000000,0.000000
125898.0,2025-12-08T05:06:56.553570,118.489889,0.991321,-0.004668,0.027288,-0.128516,-0.052124,-0.015747,1.001831,-0.002131,0.001065,0.001065,0.000000,0.000000,0.000000
125922.0,2025-12-08T05:06:56.599669,118.535989,0.991347,-0.004271,0.026383,-0.128517,-0.052124,-0.015747,1.001343,-0.002131,0.001065,-0.001065,0.000000,0.000000,0.000000
125951.0,2025-12-08T05:06:56.599669,118.535989,0.991330,-0.003401,0.026881,-0.128574,-0.051392,-0.015503,1.002563,-0.001065,0.003196,0.001065,0.000000,3.000000,46.000000
125976.0,2025-12-08T05:06:56.599669,118.535989,0.991329,-0.004379,0.026645,-0.128601,-0.051514,-0.016479,1.002319,-0.002131,0.002131,0.000000,0.000000,0.000000,0.000000
126001.0,2025-12-08T05:06:56.666553,118.602873,0.991327,-0.005359,0.026416,-0.128627,-0.051758,-0.015991,1.002686,-0.003196,0.004261,0.000000,0.000000,0.000000,0.000000
126026.0,2025-12-08T05:06:56.666553,118.602873,0.991341,-0.004405,0.026181,-0.128604,-0.050903,-0.015503,1.001465,-0.003196,0.002131,0.000000,0.000000,0.000000,0.000000
126049.0,2025-12-08T05:06:56.733002,118.669322,0.991309,-0.004606,0.026793,-0.128712,-0.050903,-0.016602,1.000977,-0.002131,0.002131,0.000000,0.000000,0.000000,43.000000
126074.0,2025-12-08T05:06:56.733997,118.670317,0.991320,-0.005385,0.026162,-0.128732,-0.051392,-0.016724,1.001465,-0.002131,0.001065,0.001065,0.000000,0.000000,0.000000
126094.0,2025-12-08T05:06:56.734993,118.671313,0.991337,-0.004466,0.025800,-0.128706,-0.050415,-0.016357,1.002930,-0.002131,0.001065,0.001065,0.000000,0.000000,0.000000
126114.0,2025-12-08T05:06:56.791797,118.728117,0.991314,-0.005197,0.026497,-0.128718,-0.050781,-0.016357,1.002319,-0.002131,0.001065,0.000000,0.000000,0.000000,0.000000
126140.0,2025-12-08T05:06:56.792800,118.729120,0.991307,-0.004240,0.026756,-0.128747,-0.051025,-0.015137,1.002441,-0.002131,0.001065,0.000000,0.000000,1.000000,42.000000
126165.0,2025-12-08T05:06:56.852050,118.788370,0.991328,-0.004639,0.025843,-0.128764,-0.050293,-0.015869,1.002319,-0.002131,0.001065,0.000000,0.000000,0.000000,0.000000
126190.0,2025-12-08T05:06:56.853068,118.789388,0.991314,-0.003975,0.026591,-0.128741,-0.051025,-0.015381,1.002686,-0.001065,0.001065,0.000000,0.000000,0.000000,0.000000
126210.0,2025-12-08T05:06:56.854049,118.790369,0.991315,-0.004929,0.026269,-0.128762,-0.051514,-0.015625,1.003052,-0.002131,0.001065,0.001065,0.000000,0.000000,0.000000
126231.0,2025-12-08T05:06:56.908119,118.844439,0.991305,-0.004148,0.026893,-0.128737,-0.052246,-0.015381,1.002563,-0.002131,0.002131,0.000000,0.000000,0.000000,0.000000
126257.0,2025-12-08T05:06:56.908119,118.844439,0.991303,-0.005149,0.026972,-0.128705,-0.052490,-0.015015,1.002563,-0.001065,0.001065,0.001065,0.000000,-1.000000,44.000000
126282.0,2025-12-08T05:06:56.970377,118.906697,0.991329,-0.004843,0.026034,-0.128705,-0.050537,-0.016357,1.001953,-0.001065,0.002131,0.000000,0.000000,0.000000,0.000000
126309.0,2025-12-08T05:06:56.970377,118.906697,0.991317,-0.005849,0.026174,-0.128733,-0.050537,-0.017334,1.001831,-0.003196,0.001065,-0.001065,0.000000,0.000000,0.000000
126334.0,2025-12-08T05:06:56.970377,118.906697,0.991314,-0.004944,0.026581,-0.128706,-0.052734,-0.014771,1.001831,-0.002131,0.001065,0.000000,0.000000,0.000000,0.000000
126359.0,2025-12-08T05:06:57.030654,118.966974,0.991296,-0.004098,0.027099,-0.128767,-0.053345,-0.016113,1.002075,-0.002131,0.001065,0.000000,0.000000,3.000000,44.000000
126379.0,2025-12-08T05:06:57.033377,118.969697,0.991307,-0.004899,0.026502,-0.128782,-0.050781,-0.017212,1.001709,-0.002131,0.002131,0.002131,0.000000,0.000000,0.000000
126404.0,2025-12-08T05:06:57.083522,119.019842,0.991322,-0.003970,0.026187,-0.128760,-0.051270,-0.015869,1.001221,-0.003196,0.002131,0.000000,0.000000,0.000000,0.000000
126429.0,2025-12-08T05:06:57.092780,119.029099,0.991348,-0.003629,0.025261,-0.128758,-0.051025,-0.014648,1.001343,-0.001065,0.002131,0.000000,0.000000,0.000000,0.000000
126455.0,2025-12-08T05:06:57.092780,119.029099,0.991341,-0.004608,0.025490,-0.128736,-0.051025,-0.016235,1.002930,-0.001065,0.002131,0.001065,0.000000,-1.000000,45.000000
126473.0,2025-12-08T05:06:57.149494,119.085814,0.991321,-0.005453,0.026035,-0.128747,-0.050049,-0.016846,1.002319,-0.001065,0.001065,0.001065,0.000000,0.000000,0.000000
126498.0,2025-12-08T05:06:57.149494,119.085814,0.991310,-0.004712,0.026701,-0.128722,-0.052124,-0.016113,1.003052,-0.002131,0.001065,0.000000,0.000000,0.000000,0.000000
126523.0,2025-12-08T05:06:57.199474,119.135794,0.991338,-0.004454,0.025746,-0.128712,-0.050659,-0.015747,1.001709,-0.002131,0.001065,0.002131,0.000000,0.000000,0.000000
126553.0,2025-12-08T05:06:57.213953,119.150273,0.991323,-0.003562,0.026185,-0.128766,-0.051636,-0.016479,1.001587,-0.001065,0.001065,0.000000,1.000000,1.000000,46.000000
126574.0,2025-12-08T05:06:57.214971,119.151291,0.991305,-0.004476,0.026602,-0.128787,-0.052124,-0.016968,1.001709,-0.001065,0.000000,0.000000,0.000000,0.000000,0.000000
126593.0,2025-12-08T05:06:57.271811,119.208130,0.991303,-0.005465,0.026400,-0.128808,-0.051514,-0.016602,1.002563,-0.002131,0.000000,0.001065,0.000000,0.000000,0.000000
126618.0,2025-12-08T05:06:57.272824,119.209144,0.991312,-0.004483,0.026351,-0.128788,-0.051270,-0.015991,1.002686,-0.003196,0.001065,-0.001065,0.000000,0.000000,0.000000
126644.0,2025-12-08T05:06:57.332843,119.269162,0.991302,-0.003554,0.026696,-0.128819,-0.051880,-0.015625,1.002197,-0.002131,0.001065,0.000000,0.000000,1.000000,52.000000
126670.0,2025-12-08T05:06:57.332843,119.269162,0.991307,-0.004474,0.026287,-0.128840,-0.050537,-0.016602,1.002197,-0.003196,0.002131,0.001065,0.000000,0.000000,0.000000
126695.0,2025-12-08T05:06:57.333978,119.270298,0.991319,-0.005186,0.025582,-0.128863,-0.050781,-0.015991,1.002319,-0.001065,0.000000,0.000000,0.000000,0.000000,0.000000
126713.0,2025-12-08T05:06:57.383565,119.319885,0.991304,-0.004549,0.026351,-0.128846,-0.051025,-0.015991,1.002563,-0.003196,0.002131,-0.001065,0.000000,0.000000,0.000000
126738.0,2025-12-08T05:06:57.450448,119.386768,0.991278,-0.004987,0.027256,-0.128844,-0.052002,-0.016357,1.001953,-0.001065,0.001065,0.001065,0.000000,0.000000,0.000000
126764.0,2025-12-08T05:06:57.450448,119.386768,0.991269,-0.005944,0.027582,-0.128804,-0.051392,-0.017090,1.002075,-0.002131,0.001065,0.000000,0.000000,-3.000000,46.000000
126784.0,2025-12-08T05:06:57.450448,119.386768,0.991289,-0.005064,0.027138,-0.128779,-0.052246,-0.015869,1.002319,-0.002131,0.002131,0.001065,0.000000,0.000000,0.000000
126830.0,2025-12-08T05:06:57.499018,119.435338,0.991339,-0.004431,0.025420,-0.128770,-0.050903,-0.015503,1.002075,-0.002131,0.001065,0.001065,0.000000,0.000000,0.000000
126856.0,2025-12-08T05:06:57.499018,119.435338,0.991325,-0.003602,0.025976,-0.128788,-0.050903,-0.016479,1.002686,-0.001065,0.001065,0.000000,-1.000000,1.000000,46.000000
126881.0,2025-12-08T05:06:57.571491,119.507811,0.991304,-0.004415,0.026576,-0.128804,-0.052002,-0.016113,1.002319,-0.002131,0.001065,0.000000,0.000000,0.000000,0.000000
126908.0,2025-12-08T05:06:57.572506,119.508826,0.991313,-0.005231,0.025992,-0.128823,-0.051025,-0.016479,1.003418,-0.003196,0.002131,0.001065,0.000000,0.000000,0.000000
126928.0,2025-12-08T05:06:57.573576,119.509896,0.991293,-0.004816,0.026908,-0.128805,-0.052368,-0.016479,1.001831,-0.002131,0.002131,0.000000,0.000000,0.000000,0.000000
126955.0,2025-12-08T05:06:57.631376,119.567696,0.991311,-0.004077,0.026269,-0.128826,-0.050659,-0.015869,1.002563,-0.002131,0.002131,-0.001065,0.000000,0.000000,48.000000
126984.0,2025-12-08T05:06:57.632073,119.568393,0.991315,-0.004988,0.025837,-0.128852,-0.050659,-0.015747,1.002319,-0.003196,0.002131,0.000000,0.000000,0.000000,0.000000
127008.0,2025-12-08T05:06:57.690922,119.627242,0.991290,-0.004861,0.026833,-0.128845,-0.052612,-0.016602,1.002197,-0.001065,0.001065,-0.001065,0.000000,0.000000,0.000000
127033.0,2025-12-08T05:06:57.690922,119.627242,0.991317,-0.004509,0.025914,-0.128838,-0.050537,-0.015747,1.001709,-0.002131,0.002131,0.001065,0.000000,0.000000,0.000000
127059.0,2025-12-08T05:06:57.690922,119.627242,0.991304,-0.003589,0.026279,-0.128889,-0.051636,-0.015747,1.001465,-0.002131,0.001065,0.000000,1.000000,1.000000,44.000000
127088.0,2025-12-08T05:06:57.752091,119.688411,0.991302,-0.004581,0.026100,-0.128915,-0.050537,-0.016479,1.002319,-0.002131,0.001065,0.000000,0.000000,0.000000,0.000000
127108.0,2025-12-08T05:06:57.753090,119.689410,0.991287,-0.005558,0.026356,-0.128937,-0.050903,-0.016846,1.002808,-0.002131,0.000000,0.000000,0.000000,0.000000,0.000000
127133.0,2025-12-08T05:06:57.802890,119.739210,0.991301,-0.004580,0.026150,-0.128909,-0.050903,-0.016602,1.002197,0.000000,0.000000,0.001065,0.000000,0.000000,0.000000
127159.0,2025-12-08T05:06:57.802890,119.739210,0.991278,-0.003663,0.026490,-0.129045,-0.051392,-0.016113,1.002808,-0.003196,0.002131,0.001065,4.000000,4.000000,45.000000
127184.0,2025-12-08T05:06:57.868234,119.804554,0.991273,-0.004661,0.026379,-0.129071,-0.051147,-0.016479,1.001709,-0.001065,0.001065,0.000000,0.000000,0.000000,0.000000
127209.0,2025-12-08T05:06:57.868234,119.804554,0.991256,-0.004120,0.027220,-0.129050,-0.052002,-0.015747,1.001953,-0.002131,0.001065,0.000000,0.000000,0.000000,0.000000
127234.0,2025-12-08T05:06:57.868234,119.804554,0.991281,-0.004269,0.026238,-0.129056,-0.052002,-0.015259,1.001709,-0.001065,0.001065,0.001065,0.000000,0.000000,0.000000
127260.0,2025-12-08T05:06:57.932267,119.868587,0.991280,-0.005274,0.026322,-0.129013,-0.051392,-0.017212,1.003052,-0.002131,0.002131,0.001065,1.000000,-1.000000,46.000000
127280.0,2025-12-08T05:06:57.932798,119.869117,0.991306,-0.005061,0.025355,-0.129010,-0.050415,-0.017090,1.002930,-0.002131,0.001065,0.001065,0.000000,0.000000,0.000000
127305.0,2025-12-08T05:06:57.988737,119.925057,0.991290,-0.004507,0.026181,-0.128989,-0.052124,-0.015137,1.002686,-0.002131,0.000000,0.000000,0.000000,0.000000,0.000000
127330.0,2025-12-08T05:06:57.988737,119.925057,0.991276,-0.005487,0.026403,-0.129017,-0.051025,-0.016724,1.002319,-0.001065,0.000000,-0.001065,0.000000,0.000000,0.000000
127356.0,2025-12-08T05:06:57.988737,119.925057,0.991277,-0.006495,0.026395,-0.128964,-0.050659,-0.017456,1.002075,-0.002131,0.001065,0.001065,1.000000,-1.000000,46.000000
127381.0,2025-12-08T05:06:58.049891,119.986211,0.991290,-0.005536,0.026181,-0.128947,-0.050537,-0.016235,1.002808,-0.003196,0.001065,-0.001065,0.000000,0.000000,0.000000
127406.0,2025-12-08T05:06:58.049891,119.986211,0.991282,-0.004733,0.026769,-0.128921,-0.052246,-0.016113,1.002441,-0.002131,0.001065,0.000000,0.000000,0.000000,0.000000
127426.0,2025-12-08T05:06:58.098282,120.034602,0.991301,-0.003835,0.026348,-0.128890,-0.051758,-0.015381,1.002808,-0.001065,0.001065,0.002131,0.000000,0.000000,0.000000
127453.0,2025-12-08T05:06:58.113456,120.049776,0.991287,-0.002879,0.026587,-0.128979,-0.050049,-0.016357,1.002075,-0.002131,0.001065,0.002131,2.000000,2.000000,46.000000
127478.0,2025-12-08T05:06:58.113946,120.050266,0.991279,-0.003881,0.026663,-0.128994,-0.052002,-0.015503,1.002197,-0.001065,0.000000,0.002131,0.000000,0.000000,0.000000
127502.0,2025-12-08T05:06:58.171764,120.108084,0.991298,-0.004407,0.025817,-0.129008,-0.050903,-0.015137,1.002197,-0.001065,0.001065,0.001065,0.000000,0.000000,0.000000
127527.0,2025-12-08T05:06:58.173765,120.110085,0.991273,-0.004458,0.026814,-0.128991,-0.051147,-0.015625,1.002686,0.000000,0.000000,0.002131,0.000000,0.000000,0.000000
127549.0,2025-12-08T05:06:58.231853,120.168173,0.991266,-0.003491,0.026650,-0.129109,-0.050049,-0.017212,1.001343,-0.001065,0.001065,0.000000,2.000000,1.000000,44.000000
127574.0,2025-12-08T05:06:58.231853,120.168173,0.991266,-0.004471,0.026417,-0.129130,-0.051514,-0.015503,1.002808,-0.002131,0.001065,0.001065,0.000000,0.000000,0.000000
127594.0,2025-12-08T05:06:58.233687,120.170007,0.991244,-0.005280,0.027010,-0.129146,-0.051880,-0.016602,1.002197,-0.001065,0.000000,0.000000,0.000000,0.000000,0.000000
127616.0,2025-12-08T05:06:58.282641,120.218961,0.991269,-0.004675,0.026230,-0.129137,-0.051392,-0.016479,1.003052,-0.002131,0.001065,0.000000,0.000000,0.000000,0.000000
127641.0,2025-12-08T05:06:58.292803,120.229123,0.991255,-0.003744,0.026564,-0.129207,-0.050415,-0.016479,1.003418,-0.002131,0.001065,0.000000,1.000000,2.000000,42.000000
127670.0,2025-12-08T05:06:58.348261,120.284580,0.991264,-0.004539,0.025952,-0.129232,-0.050537,-0.015625,1.001465,-0.001065,0.000000,0.000000,0.000000,0.000000,0.000000
127695.0,2025-12-08T05:06:58.348261,120.284580,0.991242,-0.004267,0.026922,-0.129211,-0.051392,-0.015625,1.002563,-0.002131,0.002131,0.001065,0.000000,0.000000,0.000000
127720.0,2025-12-08T05:06:58.401177,120.337497,0.991250,-0.005103,0.026360,-0.129237,-0.050903,-0.017212,1.002441,-0.003196,0.001065,0.000000,0.000000,0.000000,0.000000
127747.0,2025-12-08T05:06:58.413273,120.349593,0.991231,-0.004263,0.026885,-0.129310,-0.052002,-0.015503,1.002319,-0.002131,0.001065,0.000000,0.000000,4.000000,47.000000
127773.0,2025-12-08T05:06:58.414291,120.350611,0.991237,-0.005144,0.026402,-0.129330,-0.051025,-0.017334,1.002808,-0.002131,0.001065,0.001065,0.000000,0.000000,0.000000
127789.0,2025-12-08T05:06:58.471722,120.408041,0.991254,-0.004249,0.025977,-0.129316,-0.050903,-0.016113,1.002930,-0.001065,0.002131,-0.001065,0.000000,0.000000,0.000000
127814.0,2025-12-08T05:06:58.472707,120.409027,0.991234,-0.005128,0.026476,-0.129334,-0.051392,-0.017212,1.001953,-0.002131,0.001065,0.000000,0.000000,0.000000,0.000000
127840.0,2025-12-08T05:06:58.474706,120.411026,0.991235,-0.006125,0.026624,-0.129254,-0.051514,-0.016113,1.004028,-0.002131,0.001065,0.001065,2.000000,-2.000000,45.000000
127869.0,2025-12-08T05:06:58.531679,120.467999,0.991247,-0.005141,0.026521,-0.129229,-0.051392,-0.015991,1.001465,-0.002131,0.002131,0.000000,0.000000,0.000000,0.000000
127894.0,2025-12-08T05:06:58.532599,120.468919,0.991261,-0.004183,0.026279,-0.129206,-0.051270,-0.015259,1.003418,-0.002131,0.001065,0.000000,0.000000,0.000000,0.000000
127919.0,2025-12-08T05:06:58.592042,120.528362,0.991261,-0.005158,0.026015,-0.129222,-0.050781,-0.016235,1.003174,-0.003196,0.002131,0.002131,0.000000,0.000000,0.000000
127939.0,2025-12-08T05:06:58.592483,120.528803,0.991251,-0.004399,0.026660,-0.129197,-0.051514,-0.015991,1.002075,-0.002131,0.001065,0.000000,0.000000,0.000000,0.000000
127966.0,2025-12-08T05:06:58.651270,120.587590,0.991228,-0.003523,0.027116,-0.129301,-0.050781,-0.016235,1.001953,-0.002131,0.001065,-0.001065,1.000000,4.000000,43.000000
127987.0,2025-12-08T05:06:58.651270,120.587590,0.991238,-0.004325,0.026507,-0.129325,-0.051270,-0.015869,1.003052,-0.002131,0.000000,0.000000,0.000000,0.000000,0.000000
128012.0,2025-12-08T05:06:58.651270,120.587590,0.991212,-0.004932,0.027318,-0.129334,-0.052124,-0.015991,1.001587,-0.003196,0.001065,0.000000,0.000000,0.000000,0.000000
128033.0,2025-12-08T05:06:58.708010,120.644330,0.991240,-0.004585,0.026395,-0.129327,-0.051636,-0.016113,1.002563,-0.003196,0.001065,0.001065,0.000000,0.000000,0.000000
128059.0,2025-12-08T05:06:58.714006,120.650326,0.991221,-0.003739,0.026912,-0.129395,-0.051270,-0.017212,1.003052,-0.002131,0.001065,0.000000,0.000000,3.000000,42.000000
128084.0,2025-12-08T05:06:58.771513,120.707833,0.991232,-0.004508,0.026269,-0.129414,-0.051392,-0.015503,1.002319,-0.002131,0.001065,0.001065,0.000000,0.000000,0.000000
128109.0,2025-12-08T05:06:58.772514,120.708834,0.991234,-0.005450,0.025902,-0.129440,-0.050903,-0.016235,1.003174,-0.003196,0.001065,0.000000,0.000000,0.000000,0.000000
128129.0,2025-12-08T05:06:58.774503,120.710823,0.991214,-0.005029,0.026809,-0.129421,-0.051636,-0.017090,1.002563,-0.002131,0.001065,0.000000,0.000000,0.000000,0.000000
128156.0,2025-12-08T05:06:58.830934,120.767253,0.991213,-0.006035,0.026740,-0.129401,-0.051025,-0.016602,1.003174,-0.002131,0.001065,-0.001065,0.000000,-1.000000,46.000000
128181.0,2025-12-08T05:06:58.830934,120.767253,0.991235,-0.005194,0.026218,-0.129379,-0.050537,-0.016602,1.001953,-0.001065,0.002131,0.001065,0.000000,0.000000,0.000000
128205.0,2025-12-08T05:06:58.892007,120.828327,0.991253,-0.005678,0.025342,-0.129393,-0.049683,-0.017578,1.002075,-0.001065,0.000000,0.001065,0.000000,0.000000,0.000000
128230.0,2025-12-08T05:06:58.892007,120.828327,0.991246,-0.004855,0.025907,-0.129367,-0.051758,-0.014648,1.002197,-0.002131,0.002131,0.000000,0.000000,0.000000,0.000000
128256.0,2025-12-08T05:06:58.892007,120.828327,0.991243,-0.005836,0.026119,-0.129309,-0.052124,-0.014893,1.000977,-0.001065,0.002131,0.000000,1.000000,-1.000000,44.000000
128281.0,2025-12-08T05:06:58.948294,120.884614,0.991243,-0.004903,0.026456,-0.129277,-0.050903,-0.017456,1.001831,-0.002131,0.001065,0.001065,0.000000,0.000000,0.000000
128301.0,2025-12-08T05:06:58.948294,120.884614,0.991267,-0.004223,0.025746,-0.129264,-0.051270,-0.016479,1.002563,-0.003196,0.001065,0.000000,0.000000,0.000000,0.000000
128326.0,2025-12-08T05:06:58.998628,120.934948,0.991246,-0.003895,0.026692,-0.129243,-0.051514,-0.014771,1.001831,-0.002131,0.001065,0.001065,0.000000,0.000000,0.000000
128352.0,2025-12-08T05:06:59.013250,120.949570,0.991237,-0.004790,0.027139,-0.129190,-0.052490,-0.016235,1.001343,0.000000,0.001065,0.001065,0.000000,-4.000000,48.000000
128377.0,2025-12-08T05:06:59.014492,120.950811,0.991256,-0.005258,0.026261,-0.129204,-0.050781,-0.017334,1.003174,-0.001065,0.001065,0.001065,0.000000,0.000000,0.000000
128402.0,2025-12-08T05:06:59.070731,121.007051,0.991268,-0.004273,0.026132,-0.129174,-0.050903,-0.014771,1.002808,-0.001065,0.001065,0.001065,0.000000,0.000000,0.000000
128427.0,2025-12-08T05:06:59.070731,121.007051,0.991242,-0.004279,0.027136,-0.129166,-0.051636,-0.015381,1.002808,-0.001065,0.001065,0.000000,0.000000,0.000000,0.000000
128449.0,2025-12-08T05:06:59.133554,121.069873,0.991242,-0.005277,0.027038,-0.129150,-0.051025,-0.017212,1.003052,-0.001065,0.001065,0.000000,0.000000,-1.000000,48.000000
128469.0,2025-12-08T05:06:59.134567,121.070887,0.991268,-0.005107,0.026064,-0.129159,-0.051147,-0.017090,1.002441,-0.003196,0.001065,-0.001065,0.000000,0.000000,0.000000
128494.0,2025-12-08T05:06:59.134567,121.070887,0.991254,-0.004452,0.026806,-0.129141,-0.052734,-0.015381,1.001953,-0.003196,0.000000,-0.001065,0.000000,0.000000,0.000000
128517.0,2025-12-08T05:06:59.192342,121.128662,0.991280,-0.004477,0.025814,-0.129143,-0.050537,-0.015625,1.001953,-0.001065,0.001065,0.001065,0.000000,0.000000,0.000000
128541.0,2025-12-08T05:06:59.192342,121.128662,0.991253,-0.004854,0.026747,-0.129145,-0.051147,-0.016113,1.002441,-0.003196,0.000000,0.000000,0.000000,0.000000,0.000000
128567.0,2025-12-08T05:06:59.247972,121.184292,0.991232,-0.004020,0.027280,-0.129224,-0.051636,-0.015869,1.002930,-0.002131,0.001065,0.001065,0.000000,4.000000,41.000000
128592.0,2025-12-08T05:06:59.247972,121.184292,0.991246,-0.004712,0.026562,-0.129242,-0.052124,-0.015869,1.002075,-0.002131,0.002131,0.001065,0.000000,0.000000,0.000000
128612.0,2025-12-08T05:06:59.247972,121.184292,0.991271,-0.004185,0.025727,-0.129235,-0.051147,-0.015869,1.001953,-0.002131,0.001065,0.000000,0.000000,0.000000,0.000000
128634.0,2025-12-08T05:06:59.312855,121.249175,0.991249,-0.004888,0.026447,-0.129236,-0.051392,-0.016602,1.002930,-0.001065,0.001065,0.002131,0.000000,0.000000,0.000000
128659.0,2025-12-08T05:06:59.314490,121.250810,0.991244,-0.003955,0.026757,-0.129247,-0.051636,-0.016602,1.002808,-0.003196,0.001065,-0.001065,-1.000000,0.000000,46.000000
128684.0,2025-12-08T05:06:59.371454,121.307774,0.991220,-0.004709,0.027437,-0.129260,-0.053345,-0.016357,1.003418,-0.003196,0.001065,0.000000,0.000000,0.000000,0.000000
128709.0,2025-12-08T05:06:59.373024,121.309344,0.991247,-0.004565,0.026456,-0.129259,-0.050781,-0.015747,1.001953,-0.001065,0.001065,0.001065,0.000000,0.000000,0.000000
128734.0,2025-12-08T05:06:59.373024,121.309344,0.991233,-0.005529,0.026741,-0.129276,-0.051514,-0.016479,1.001709,-0.001065,0.001065,0.001065,0.000000,0.000000,0.000000
128760.0,2025-12-08T05:06:59.431433,121.367753,0.991207,-0.004724,0.027312,-0.129383,-0.051514,-0.016357,1.002075,-0.002131,0.001065,0.001065,0.000000,6.000000,44.000000
128780.0,2025-12-08T05:06:59.431433,121.367753,0.991233,-0.004761,0.026321,-0.129387,-0.051758,-0.016357,1.001953,-0.001065,0.001065,0.001065,0.000000,0.000000,0.000000
128805.0,2025-12-08T05:06:59.482863,121.419183,0.991259,-0.004724,0.025329,-0.129388,-0.050659,-0.016235,1.003418,-0.001065,0.001065,0.001065,0.000000,0.000000,0.000000
128830.0,2025-12-08T05:06:59.493117,121.429437,0.991238,-0.004453,0.026289,-0.129368,-0.051636,-0.015625,1.003662,-0.002131,0.000000,0.001065,0.000000,0.000000,0.000000
128856.0,2025-12-08T05:06:59.493117,121.429437,0.991228,-0.003515,0.026621,-0.129408,-0.051270,-0.015381,1.001465,-0.001065,0.001065,-0.001065,0.000000,1.000000,41.000000
128881.0,2025-12-08T05:06:59.551859,121.488178,0.991225,-0.004505,0.026450,-0.129435,-0.051270,-0.016602,1.003174,-0.001065,0.000000,0.000000,0.000000,0.000000,0.000000
128906.0,2025-12-08T05:06:59.551859,121.488178,0.991251,-0.004361,0.025469,-0.129438,-0.051147,-0.015747,1.002197,-0.001065,0.001065,0.000000,0.000000,0.000000,0.000000
128926.0,2025-12-08T05:06:59.612560,121.548880,0.991225,-0.004747,0.026396,-0.129440,-0.050781,-0.015991,1.002563,-0.002131,0.000000,0.000000,0.000000,0.000000,0.000000
128956.0,2025-12-08T05:06:59.613822,121.550142,0.991204,-0.003851,0.026798,-0.129545,-0.051270,-0.015991,1.002441,-0.003196,0.001065,0.000000,2.000000,4.000000,46.000000
128985.0,2025-12-08T05:06:59.673857,121.610177,0.991205,-0.004799,0.026459,-0.129572,-0.051270,-0.016602,1.001953,-0.002131,0.001065,0.000000,0.000000,0.000000,0.000000
129014.0,2025-12-08T05:06:59.675874,121.612194,0.991232,-0.004676,0.025475,-0.129571,-0.050659,-0.016235,1.002075,-0.001065,0.001065,0.001065,0.000000,0.000000,0.000000
129039.0,2025-12-08T05:06:59.675874,121.612194,0.991209,-0.004506,0.026464,-0.129553,-0.051025,-0.015869,1.003296,-0.002131,0.001065,0.001065,0.000000,0.000000,0.000000
129063.0,2025-12-08T05:06:59.730540,121.666860,0.991178,-0.003707,0.027033,-0.129697,-0.051880,-0.015869,1.002563,-0.002131,0.001065,0.001065,1.000000,9.000000,52.000000
129088.0,2025-12-08T05:06:59.730540,121.666860,0.991190,-0.004444,0.026355,-0.129721,-0.051270,-0.015625,1.001221,-0.002131,0.001065,0.000000,0.000000,0.000000,0.000000
129109.0,2025-12-08T05:06:59.791608,121.727928,0.991188,-0.005427,0.026134,-0.129747,-0.051025,-0.016357,1.002075,-0.002131,0.001065,0.000000,0.000000,0.000000,0.000000
129129.0,2025-12-08T05:06:59.791608,121.727928,0.991187,-0.004486,0.026449,-0.129726,-0.051880,-0.014893,1.002319,-0.002131,0.001065,-0.001065,0.000000,0.000000,0.000000
129155.0,2025-12-08T05:06:59.791608,121.727928,0.991185,-0.004439,0.025910,-0.129848,-0.050903,-0.016724,1.001465,-0.003196,0.002131,0.001065,0.000000,0.000000,42.000000
129176.0,2025-12-08T05:06:59.852282,121.788602,0.991160,-0.005010,0.026743,-0.129855,-0.051270,-0.016357,1.002441,-0.002131,0.001065,0.000000,0.000000,0.000000,0.000000
129201.0,2025-12-08T05:06:59.853282,121.789602,0.991174,-0.004046,0.026499,-0.129827,-0.051758,-0.015869,1.001831,-0.001065,0.000000,0.001065,0.000000,0.000000,0.000000
129226.0,2025-12-08T05:06:59.905099,121.841419,0.991163,-0.005044,0.026609,-0.129851,-0.051636,-0.016602,1.002563,-0.001065,0.002131,0.000000,0.000000,0.000000,0.000000
129252.0,2025-12-08T05:06:59.912227,121.848547,0.991175,-0.004122,0.026270,-0.129867,-0.050659,-0.016235,1.002197,-0.001065,0.002131,0.000000,0.000000,0.000000,46.000000
129277.0,2025-12-08T05:06:59.914225,121.850545,0.991170,-0.005127,0.026182,-0.129887,-0.050903,-0.016479,1.002930,-0.002131,0.001065,0.001065,0.000000,0.000000,0.000000
129299.0,2025-12-08T05:06:59.964186,121.900506,0.991163,-0.004291,0.026714,-0.129861,-0.051880,-0.015625,1.001709,-0.002131,0.000000,0.000000,0.000000,0.000000,0.000000
129319.0,2025-12-08T05:06:59.972652,121.908972,0.991171,-0.003301,0.026689,-0.129835,-0.052124,-0.014648,1.002441,-0.002131,0.002131,0.000000,0.000000,0.000000,0.000000
129344.0,2025-12-08T05:07:00.035238,121.971558,0.991168,-0.004291,0.026539,-0.129856,-0.051514,-0.015869,1.001831,-0.001065,0.002131,0.001065,0.000000,0.000000,0.000000
129370.0,2025-12-08T05:07:00.035238,121.971558,0.991126,-0.003559,0.027168,-0.130073,-0.050781,-0.016113,1.002197,-0.002131,0.001065,0.002131,0.000000,13.000000,45.000000
129395.0,2025-12-08T05:07:00.035238,121.971558,0.991144,-0.004087,0.026321,-0.130097,-0.051514,-0.014893,1.002441,-0.002131,0.001065,-0.001065,0.000000,0.000000,0.000000
129419.0,2025-12-08T05:07:00.091542,122.027861,0.991116,-0.004355,0.027290,-0.130102,-0.052490,-0.015503,1.002563,-0.001065,0.001065,-0.001065,0.000000,0.000000,0.000000
129444.0,2025-12-08T05:07:00.091542,122.027861,0.991130,-0.005001,0.026530,-0.130125,-0.050903,-0.017212,1.001953,-0.001065,0.001065,0.000000,0.000000,0.000000,0.000000
129470.0,2025-12-08T05:07:00.147531,122.083850,0.991113,-0.004099,0.026944,-0.130202,-0.051147,-0.016968,1.000854,-0.002131,0.002131,0.000000,1.000000,3.000000,46.000000
129490.0,2025-12-08T05:07:00.147531,122.083850,0.991140,-0.003662,0.026053,-0.130192,-0.051025,-0.014160,1.002930,-0.002131,0.000000,0.001065,0.000000,0.000000,0.000000
129515.0,2025-12-08T05:07:00.147531,122.083850,0.991114,-0.004257,0.026869,-0.130201,-0.052002,-0.015137,1.002808,-0.002131,0.001065,0.000000,0.000000,0.000000,0.000000
129537.0,2025-12-08T05:07:00.211751,122.148070,0.991113,-0.005227,0.026607,-0.130228,-0.051758,-0.016846,1.002197,-0.002131,0.002131,0.000000,0.000000,0.000000,0.000000
129563.0,2025-12-08T05:07:00.212200,122.148520,0.991117,-0.006224,0.026427,-0.130195,-0.049561,-0.015503,1.002319,-0.003196,0.001065,0.000000,0.000000,-1.000000,42.000000
129588.0,2025-12-08T05:07:00.263134,122.199454,0.991125,-0.005235,0.026414,-0.130175,-0.051514,-0.014526,1.002319,-0.002131,0.000000,-0.001065,0.000000,0.000000,0.000000
129613.0,2025-12-08T05:07:00.272805,122.209125,0.991132,-0.004241,0.026474,-0.130149,-0.051270,-0.016602,1.001343,-0.001065,0.001065,0.000000,0.000000,0.000000,0.000000
129633.0,2025-12-08T05:07:00.272805,122.209125,0.991132,-0.005212,0.026205,-0.130170,-0.051270,-0.015991,1.001953,-0.002131,0.001065,0.001065,0.000000,0.000000,0.000000
129655.0,2025-12-08T05:07:00.331089,122.267409,0.991112,-0.004380,0.026743,-0.130242,-0.052612,-0.015259,1.001099,-0.002131,0.001065,0.000000,0.000000,4.000000,46.000000
129681.0,2025-12-08T05:07:00.331089,122.267409,0.991131,-0.004836,0.025858,-0.130261,-0.050659,-0.016235,1.003296,-0.001065,0.001065,0.000000,0.000000,0.000000,0.000000
129709.0,2025-12-08T05:07:00.389410,122.325730,0.991105,-0.005148,0.026814,-0.130255,-0.050903,-0.016724,1.002686,-0.001065,0.001065,0.001065,0.000000,0.000000,0.000000
129738.0,2025-12-08T05:07:00.389410,122.325730,0.991131,-0.004597,0.025990,-0.130242,-0.051270,-0.016602,1.002197,-0.002131,0.000000,0.001065,0.000000,0.000000,0.000000
129768.0,2025-12-08T05:07:00.447292,122.383612,0.991126,-0.005599,0.026147,-0.130210,-0.051392,-0.015869,1.001953,-0.003196,0.001065,0.001065,0.000000,-1.000000,47.000000
129793.0,2025-12-08T05:07:00.447292,122.383612,0.991117,-0.004817,0.026763,-0.130184,-0.052002,-0.016479,1.001465,-0.002131,0.001065,0.000000,0.000000,0.000000,0.000000
129813.0,2025-12-08T05:07:00.447292,122.383612,0.991133,-0.005359,0.025930,-0.130210,-0.051636,-0.016724,1.001831,-0.002131,0.002131,-0.001065,0.000000,0.000000,0.000000
